image_path,filename,wnid,label
tiny-imagenet-200/val/images/val_6.JPEG,val_6.JPEG,n04179913,sewing machine
tiny-imagenet-200/val/images/val_9.JPEG,val_9.JPEG,n02226429,"grasshopper, hopper"
tiny-imagenet-200/val/images/val_18.JPEG,val_18.JPEG,n04285008,"sports car, sport car"
tiny-imagenet-200/val/images/val_27.JPEG,val_27.JPEG,n04371430,"swimming trunks, bathing trunks"
tiny-imagenet-200/val/images/val_35.JPEG,val_35.JPEG,n02977058,"cash machine, cash dispenser, automated teller machine, automatic teller machine, automated teller, automatic teller, ATM"
tiny-imagenet-200/val/images/val_42.JPEG,val_42.JPEG,n02279972,"monarch, monarch butterfly, milkweed butterfly, Danaus plexippus"
tiny-imagenet-200/val/images/val_43.JPEG,val_43.JPEG,n02231487,"walking stick, walkingstick, stick insect"
tiny-imagenet-200/val/images/val_53.JPEG,val_53.JPEG,n01917289,brain coral
tiny-imagenet-200/val/images/val_58.JPEG,val_58.JPEG,n02793495,barn
tiny-imagenet-200/val/images/val_90.JPEG,val_90.JPEG,n02948072,"candle, taper, wax light"
tiny-imagenet-200/val/images/val_96.JPEG,val_96.JPEG,n02123045,"tabby, tabby cat"
tiny-imagenet-200/val/images/val_106.JPEG,val_106.JPEG,n09193705,alp
tiny-imagenet-200/val/images/val_117.JPEG,val_117.JPEG,n03355925,"flagpole, flagstaff"
tiny-imagenet-200/val/images/val_128.JPEG,val_128.JPEG,n04067472,reel
tiny-imagenet-200/val/images/val_152.JPEG,val_152.JPEG,n02113799,standard poodle
tiny-imagenet-200/val/images/val_158.JPEG,val_158.JPEG,n03355925,"flagpole, flagstaff"
tiny-imagenet-200/val/images/val_166.JPEG,val_166.JPEG,n07695742,pretzel
tiny-imagenet-200/val/images/val_188.JPEG,val_188.JPEG,n02233338,"cockroach, roach"
tiny-imagenet-200/val/images/val_200.JPEG,val_200.JPEG,n02437312,"Arabian camel, dromedary, Camelus dromedarius"
tiny-imagenet-200/val/images/val_207.JPEG,val_207.JPEG,n03796401,moving van
tiny-imagenet-200/val/images/val_224.JPEG,val_224.JPEG,n01917289,brain coral
tiny-imagenet-200/val/images/val_231.JPEG,val_231.JPEG,n03662601,lifeboat
tiny-imagenet-200/val/images/val_241.JPEG,val_241.JPEG,n02113799,standard poodle
tiny-imagenet-200/val/images/val_251.JPEG,val_251.JPEG,n04067472,reel
tiny-imagenet-200/val/images/val_282.JPEG,val_282.JPEG,n01917289,brain coral
tiny-imagenet-200/val/images/val_317.JPEG,val_317.JPEG,n03250847,drumstick
tiny-imagenet-200/val/images/val_319.JPEG,val_319.JPEG,n02883205,"bow tie, bow-tie, bowtie"
tiny-imagenet-200/val/images/val_320.JPEG,val_320.JPEG,n03544143,hourglass
tiny-imagenet-200/val/images/val_333.JPEG,val_333.JPEG,n04356056,"sunglasses, dark glasses, shades"
tiny-imagenet-200/val/images/val_339.JPEG,val_339.JPEG,n02123394,Persian cat
tiny-imagenet-200/val/images/val_344.JPEG,val_344.JPEG,n04597913,wooden spoon
tiny-imagenet-200/val/images/val_387.JPEG,val_387.JPEG,n02233338,"cockroach, roach"
tiny-imagenet-200/val/images/val_400.JPEG,val_400.JPEG,n03649909,"lawn mower, mower"
tiny-imagenet-200/val/images/val_406.JPEG,val_406.JPEG,n07614500,"ice cream, icecream"
tiny-imagenet-200/val/images/val_409.JPEG,val_409.JPEG,n04507155,umbrella
tiny-imagenet-200/val/images/val_420.JPEG,val_420.JPEG,n04179913,sewing machine
tiny-imagenet-200/val/images/val_423.JPEG,val_423.JPEG,n01983481,"American lobster, Northern lobster, Maine lobster, Homarus americanus"
tiny-imagenet-200/val/images/val_434.JPEG,val_434.JPEG,n02415577,"bighorn, bighorn sheep, cimarron, Rocky Mountain bighorn, Rocky Mountain sheep, Ovis canadensis"
tiny-imagenet-200/val/images/val_441.JPEG,val_441.JPEG,n03400231,"frying pan, frypan, skillet"
tiny-imagenet-200/val/images/val_444.JPEG,val_444.JPEG,n04251144,snorkel
tiny-imagenet-200/val/images/val_452.JPEG,val_452.JPEG,n04356056,"sunglasses, dark glasses, shades"
tiny-imagenet-200/val/images/val_470.JPEG,val_470.JPEG,n01917289,brain coral
tiny-imagenet-200/val/images/val_472.JPEG,val_472.JPEG,n02909870,"bucket, pail"
tiny-imagenet-200/val/images/val_475.JPEG,val_475.JPEG,n02802426,basketball
tiny-imagenet-200/val/images/val_488.JPEG,val_488.JPEG,n02190166,fly
tiny-imagenet-200/val/images/val_508.JPEG,val_508.JPEG,n04008634,"projectile, missile"
tiny-imagenet-200/val/images/val_514.JPEG,val_514.JPEG,n01770393,scorpion
tiny-imagenet-200/val/images/val_520.JPEG,val_520.JPEG,n01950731,"sea slug, nudibranch"
tiny-imagenet-200/val/images/val_525.JPEG,val_525.JPEG,n04275548,"spider web, spider's web"
tiny-imagenet-200/val/images/val_534.JPEG,val_534.JPEG,n07871810,"meat loaf, meatloaf"
tiny-imagenet-200/val/images/val_588.JPEG,val_588.JPEG,n07749582,lemon
tiny-imagenet-200/val/images/val_590.JPEG,val_590.JPEG,n12267677,acorn
tiny-imagenet-200/val/images/val_601.JPEG,val_601.JPEG,n02977058,"cash machine, cash dispenser, automated teller machine, automatic teller machine, automated teller, automatic teller, ATM"
tiny-imagenet-200/val/images/val_606.JPEG,val_606.JPEG,n03179701,desk
tiny-imagenet-200/val/images/val_626.JPEG,val_626.JPEG,n02504458,"African elephant, Loxodonta africana"
tiny-imagenet-200/val/images/val_634.JPEG,val_634.JPEG,n01644900,"tailed frog, bell toad, ribbed toad, tailed toad, Ascaphus trui"
tiny-imagenet-200/val/images/val_651.JPEG,val_651.JPEG,n01443537,"goldfish, Carassius auratus"
tiny-imagenet-200/val/images/val_653.JPEG,val_653.JPEG,n01443537,"goldfish, Carassius auratus"
tiny-imagenet-200/val/images/val_659.JPEG,val_659.JPEG,n02841315,"binoculars, field glasses, opera glasses"
tiny-imagenet-200/val/images/val_672.JPEG,val_672.JPEG,n03100240,convertible
tiny-imagenet-200/val/images/val_685.JPEG,val_685.JPEG,n04465501,tractor
tiny-imagenet-200/val/images/val_711.JPEG,val_711.JPEG,n02927161,"butcher shop, meat market"
tiny-imagenet-200/val/images/val_715.JPEG,val_715.JPEG,n03796401,moving van
tiny-imagenet-200/val/images/val_722.JPEG,val_722.JPEG,n03599486,"jinrikisha, ricksha, rickshaw"
tiny-imagenet-200/val/images/val_727.JPEG,val_727.JPEG,n02281406,"sulphur butterfly, sulfur butterfly"
tiny-imagenet-200/val/images/val_745.JPEG,val_745.JPEG,n03089624,"confectionery, confectionary, candy store"
tiny-imagenet-200/val/images/val_750.JPEG,val_750.JPEG,n02802426,basketball
tiny-imagenet-200/val/images/val_757.JPEG,val_757.JPEG,n03837869,obelisk
tiny-imagenet-200/val/images/val_771.JPEG,val_771.JPEG,n07768694,pomegranate
tiny-imagenet-200/val/images/val_821.JPEG,val_821.JPEG,n02074367,"dugong, Dugong dugon"
tiny-imagenet-200/val/images/val_822.JPEG,val_822.JPEG,n01742172,"boa constrictor, Constrictor constrictor"
tiny-imagenet-200/val/images/val_823.JPEG,val_823.JPEG,n02094433,Yorkshire terrier
tiny-imagenet-200/val/images/val_828.JPEG,val_828.JPEG,n02504458,"African elephant, Loxodonta africana"
tiny-imagenet-200/val/images/val_832.JPEG,val_832.JPEG,n04398044,teapot
tiny-imagenet-200/val/images/val_841.JPEG,val_841.JPEG,n01984695,"spiny lobster, langouste, rock lobster, crawfish, crayfish, sea crawfish"
tiny-imagenet-200/val/images/val_845.JPEG,val_845.JPEG,n03838899,"oboe, hautboy, hautbois"
tiny-imagenet-200/val/images/val_853.JPEG,val_853.JPEG,n02099601,golden retriever
tiny-imagenet-200/val/images/val_878.JPEG,val_878.JPEG,n04486054,triumphal arch
tiny-imagenet-200/val/images/val_887.JPEG,val_887.JPEG,n04560804,water jug
tiny-imagenet-200/val/images/val_888.JPEG,val_888.JPEG,n02281406,"sulphur butterfly, sulfur butterfly"
tiny-imagenet-200/val/images/val_893.JPEG,val_893.JPEG,n02669723,"academic gown, academic robe, judge's robe"
tiny-imagenet-200/val/images/val_916.JPEG,val_916.JPEG,n04507155,umbrella
tiny-imagenet-200/val/images/val_931.JPEG,val_931.JPEG,n02085620,Chihuahua
tiny-imagenet-200/val/images/val_936.JPEG,val_936.JPEG,n02236044,"mantis, mantid"
tiny-imagenet-200/val/images/val_949.JPEG,val_949.JPEG,n04532670,viaduct
tiny-imagenet-200/val/images/val_958.JPEG,val_958.JPEG,n02123394,Persian cat
tiny-imagenet-200/val/images/val_960.JPEG,val_960.JPEG,n07615774,"ice lolly, lolly, lollipop, popsicle"
tiny-imagenet-200/val/images/val_964.JPEG,val_964.JPEG,n07871810,"meat loaf, meatloaf"
tiny-imagenet-200/val/images/val_977.JPEG,val_977.JPEG,n01917289,brain coral
tiny-imagenet-200/val/images/val_986.JPEG,val_986.JPEG,n03930313,"picket fence, paling"
tiny-imagenet-200/val/images/val_993.JPEG,val_993.JPEG,n03404251,fur coat
tiny-imagenet-200/val/images/val_998.JPEG,val_998.JPEG,n02113799,standard poodle
tiny-imagenet-200/val/images/val_1020.JPEG,val_1020.JPEG,n02814860,"beacon, lighthouse, beacon light, pharos"
tiny-imagenet-200/val/images/val_1040.JPEG,val_1040.JPEG,n04597913,wooden spoon
tiny-imagenet-200/val/images/val_1049.JPEG,val_1049.JPEG,n02132136,"brown bear, bruin, Ursus arctos"
tiny-imagenet-200/val/images/val_1052.JPEG,val_1052.JPEG,n01855672,goose
tiny-imagenet-200/val/images/val_1070.JPEG,val_1070.JPEG,n04486054,triumphal arch
tiny-imagenet-200/val/images/val_1084.JPEG,val_1084.JPEG,n02279972,"monarch, monarch butterfly, milkweed butterfly, Danaus plexippus"
tiny-imagenet-200/val/images/val_1104.JPEG,val_1104.JPEG,n03014705,chest
tiny-imagenet-200/val/images/val_1113.JPEG,val_1113.JPEG,n01784675,centipede
tiny-imagenet-200/val/images/val_1121.JPEG,val_1121.JPEG,n02841315,"binoculars, field glasses, opera glasses"
tiny-imagenet-200/val/images/val_1122.JPEG,val_1122.JPEG,n07871810,"meat loaf, meatloaf"
tiny-imagenet-200/val/images/val_1124.JPEG,val_1124.JPEG,n01774384,"black widow, Latrodectus mactans"
tiny-imagenet-200/val/images/val_1127.JPEG,val_1127.JPEG,n01774750,tarantula
tiny-imagenet-200/val/images/val_1129.JPEG,val_1129.JPEG,n02823428,beer bottle
tiny-imagenet-200/val/images/val_1133.JPEG,val_1133.JPEG,n04596742,wok
tiny-imagenet-200/val/images/val_1137.JPEG,val_1137.JPEG,n04275548,"spider web, spider's web"
tiny-imagenet-200/val/images/val_1139.JPEG,val_1139.JPEG,n02802426,basketball
tiny-imagenet-200/val/images/val_1143.JPEG,val_1143.JPEG,n02906734,broom
tiny-imagenet-200/val/images/val_1146.JPEG,val_1146.JPEG,n03126707,crane
tiny-imagenet-200/val/images/val_1160.JPEG,val_1160.JPEG,n03649909,"lawn mower, mower"
tiny-imagenet-200/val/images/val_1163.JPEG,val_1163.JPEG,n02730930,apron
tiny-imagenet-200/val/images/val_1166.JPEG,val_1166.JPEG,n02883205,"bow tie, bow-tie, bowtie"
tiny-imagenet-200/val/images/val_1169.JPEG,val_1169.JPEG,n04356056,"sunglasses, dark glasses, shades"
tiny-imagenet-200/val/images/val_1188.JPEG,val_1188.JPEG,n03014705,chest
tiny-imagenet-200/val/images/val_1193.JPEG,val_1193.JPEG,n07579787,plate
tiny-imagenet-200/val/images/val_1200.JPEG,val_1200.JPEG,n04149813,scoreboard
tiny-imagenet-200/val/images/val_1213.JPEG,val_1213.JPEG,n03891332,parking meter
tiny-imagenet-200/val/images/val_1225.JPEG,val_1225.JPEG,n04507155,umbrella
tiny-imagenet-200/val/images/val_1229.JPEG,val_1229.JPEG,n02206856,bee
tiny-imagenet-200/val/images/val_1232.JPEG,val_1232.JPEG,n04532106,vestment
tiny-imagenet-200/val/images/val_1235.JPEG,val_1235.JPEG,n02056570,"king penguin, Aptenodytes patagonica"
tiny-imagenet-200/val/images/val_1245.JPEG,val_1245.JPEG,n03662601,lifeboat
tiny-imagenet-200/val/images/val_1269.JPEG,val_1269.JPEG,n03637318,"lampshade, lamp shade"
tiny-imagenet-200/val/images/val_1290.JPEG,val_1290.JPEG,n03026506,Christmas stocking
tiny-imagenet-200/val/images/val_1291.JPEG,val_1291.JPEG,n02481823,"chimpanzee, chimp, Pan troglodytes"
tiny-imagenet-200/val/images/val_1307.JPEG,val_1307.JPEG,n01984695,"spiny lobster, langouste, rock lobster, crawfish, crayfish, sea crawfish"
tiny-imagenet-200/val/images/val_1312.JPEG,val_1312.JPEG,n07753592,banana
tiny-imagenet-200/val/images/val_1315.JPEG,val_1315.JPEG,n03937543,pill bottle
tiny-imagenet-200/val/images/val_1317.JPEG,val_1317.JPEG,n04465501,tractor
tiny-imagenet-200/val/images/val_1320.JPEG,val_1320.JPEG,n03179701,desk
tiny-imagenet-200/val/images/val_1330.JPEG,val_1330.JPEG,n04532670,viaduct
tiny-imagenet-200/val/images/val_1341.JPEG,val_1341.JPEG,n04532670,viaduct
tiny-imagenet-200/val/images/val_1343.JPEG,val_1343.JPEG,n04487081,"trolleybus, trolley coach, trackless trolley"
tiny-imagenet-200/val/images/val_1375.JPEG,val_1375.JPEG,n02837789,"bikini, two-piece"
tiny-imagenet-200/val/images/val_1389.JPEG,val_1389.JPEG,n02669723,"academic gown, academic robe, judge's robe"
tiny-imagenet-200/val/images/val_1395.JPEG,val_1395.JPEG,n07720875,bell pepper
tiny-imagenet-200/val/images/val_1402.JPEG,val_1402.JPEG,n07875152,potpie
tiny-imagenet-200/val/images/val_1403.JPEG,val_1403.JPEG,n02226429,"grasshopper, hopper"
tiny-imagenet-200/val/images/val_1419.JPEG,val_1419.JPEG,n12267677,acorn
tiny-imagenet-200/val/images/val_1424.JPEG,val_1424.JPEG,n03796401,moving van
tiny-imagenet-200/val/images/val_1442.JPEG,val_1442.JPEG,n02917067,"bullet train, bullet"
tiny-imagenet-200/val/images/val_1489.JPEG,val_1489.JPEG,n02769748,"backpack, back pack, knapsack, packsack, rucksack, haversack"
tiny-imagenet-200/val/images/val_1494.JPEG,val_1494.JPEG,n03637318,"lampshade, lamp shade"
tiny-imagenet-200/val/images/val_1496.JPEG,val_1496.JPEG,n03255030,dumbbell
tiny-imagenet-200/val/images/val_1512.JPEG,val_1512.JPEG,n02085620,Chihuahua
tiny-imagenet-200/val/images/val_1519.JPEG,val_1519.JPEG,n03770439,"miniskirt, mini"
tiny-imagenet-200/val/images/val_1524.JPEG,val_1524.JPEG,n03599486,"jinrikisha, ricksha, rickshaw"
tiny-imagenet-200/val/images/val_1527.JPEG,val_1527.JPEG,n02129165,"lion, king of beasts, Panthera leo"
tiny-imagenet-200/val/images/val_1528.JPEG,val_1528.JPEG,n03930313,"picket fence, paling"
tiny-imagenet-200/val/images/val_1530.JPEG,val_1530.JPEG,n03854065,"organ, pipe organ"
tiny-imagenet-200/val/images/val_1535.JPEG,val_1535.JPEG,n01629819,"European fire salamander, Salamandra salamandra"
tiny-imagenet-200/val/images/val_1545.JPEG,val_1545.JPEG,n02094433,Yorkshire terrier
tiny-imagenet-200/val/images/val_1584.JPEG,val_1584.JPEG,n03649909,"lawn mower, mower"
tiny-imagenet-200/val/images/val_1588.JPEG,val_1588.JPEG,n04008634,"projectile, missile"
tiny-imagenet-200/val/images/val_1604.JPEG,val_1604.JPEG,n03388043,fountain
tiny-imagenet-200/val/images/val_1612.JPEG,val_1612.JPEG,n02730930,apron
tiny-imagenet-200/val/images/val_1625.JPEG,val_1625.JPEG,n04099969,"rocking chair, rocker"
tiny-imagenet-200/val/images/val_1633.JPEG,val_1633.JPEG,n02099712,Labrador retriever
tiny-imagenet-200/val/images/val_1638.JPEG,val_1638.JPEG,n04311004,steel arch bridge
tiny-imagenet-200/val/images/val_1644.JPEG,val_1644.JPEG,n03854065,"organ, pipe organ"
tiny-imagenet-200/val/images/val_1647.JPEG,val_1647.JPEG,n02321529,"sea cucumber, holothurian"
tiny-imagenet-200/val/images/val_1654.JPEG,val_1654.JPEG,n04507155,umbrella
tiny-imagenet-200/val/images/val_1669.JPEG,val_1669.JPEG,n04067472,reel
tiny-imagenet-200/val/images/val_1674.JPEG,val_1674.JPEG,n04149813,scoreboard
tiny-imagenet-200/val/images/val_1679.JPEG,val_1679.JPEG,n03902125,"pay-phone, pay-station"
tiny-imagenet-200/val/images/val_1680.JPEG,val_1680.JPEG,n04398044,teapot
tiny-imagenet-200/val/images/val_1684.JPEG,val_1684.JPEG,n01774384,"black widow, Latrodectus mactans"
tiny-imagenet-200/val/images/val_1697.JPEG,val_1697.JPEG,n01917289,brain coral
tiny-imagenet-200/val/images/val_1713.JPEG,val_1713.JPEG,n03970156,"plunger, plumber's helper"
tiny-imagenet-200/val/images/val_1729.JPEG,val_1729.JPEG,n01855672,goose
tiny-imagenet-200/val/images/val_1743.JPEG,val_1743.JPEG,n02190166,fly
tiny-imagenet-200/val/images/val_1746.JPEG,val_1746.JPEG,n02395406,"hog, pig, grunter, squealer, Sus scrofa"
tiny-imagenet-200/val/images/val_1753.JPEG,val_1753.JPEG,n03085013,"computer keyboard, keypad"
tiny-imagenet-200/val/images/val_1771.JPEG,val_1771.JPEG,n02788148,"bannister, banister, balustrade, balusters, handrail"
tiny-imagenet-200/val/images/val_1776.JPEG,val_1776.JPEG,n09256479,coral reef
tiny-imagenet-200/val/images/val_1790.JPEG,val_1790.JPEG,n02099601,golden retriever
tiny-imagenet-200/val/images/val_1796.JPEG,val_1796.JPEG,n02099712,Labrador retriever
tiny-imagenet-200/val/images/val_1824.JPEG,val_1824.JPEG,n02815834,beaker
tiny-imagenet-200/val/images/val_1827.JPEG,val_1827.JPEG,n02814860,"beacon, lighthouse, beacon light, pharos"
tiny-imagenet-200/val/images/val_1832.JPEG,val_1832.JPEG,n01774384,"black widow, Latrodectus mactans"
tiny-imagenet-200/val/images/val_1858.JPEG,val_1858.JPEG,n02113799,standard poodle
tiny-imagenet-200/val/images/val_1869.JPEG,val_1869.JPEG,n09246464,"cliff, drop, drop-off"
tiny-imagenet-200/val/images/val_1874.JPEG,val_1874.JPEG,n02892201,"brass, memorial tablet, plaque"
tiny-imagenet-200/val/images/val_1876.JPEG,val_1876.JPEG,n01698640,"American alligator, Alligator mississipiensis"
tiny-imagenet-200/val/images/val_1880.JPEG,val_1880.JPEG,n02056570,"king penguin, Aptenodytes patagonica"
tiny-imagenet-200/val/images/val_1889.JPEG,val_1889.JPEG,n02099601,golden retriever
tiny-imagenet-200/val/images/val_1891.JPEG,val_1891.JPEG,n03160309,"dam, dike, dyke"
tiny-imagenet-200/val/images/val_1894.JPEG,val_1894.JPEG,n01770393,scorpion
tiny-imagenet-200/val/images/val_1899.JPEG,val_1899.JPEG,n02364673,"guinea pig, Cavia cobaya"
tiny-imagenet-200/val/images/val_1924.JPEG,val_1924.JPEG,n03201208,"dining table, board"
tiny-imagenet-200/val/images/val_1940.JPEG,val_1940.JPEG,n01784675,centipede
tiny-imagenet-200/val/images/val_1958.JPEG,val_1958.JPEG,n02395406,"hog, pig, grunter, squealer, Sus scrofa"
tiny-imagenet-200/val/images/val_1964.JPEG,val_1964.JPEG,n03255030,dumbbell
tiny-imagenet-200/val/images/val_1976.JPEG,val_1976.JPEG,n02074367,"dugong, Dugong dugon"
tiny-imagenet-200/val/images/val_1982.JPEG,val_1982.JPEG,n02793495,barn
tiny-imagenet-200/val/images/val_1983.JPEG,val_1983.JPEG,n02123394,Persian cat
tiny-imagenet-200/val/images/val_1988.JPEG,val_1988.JPEG,n02841315,"binoculars, field glasses, opera glasses"
tiny-imagenet-200/val/images/val_1989.JPEG,val_1989.JPEG,n03400231,"frying pan, frypan, skillet"
tiny-imagenet-200/val/images/val_2037.JPEG,val_2037.JPEG,n02795169,"barrel, cask"
tiny-imagenet-200/val/images/val_2041.JPEG,val_2041.JPEG,n04465501,tractor
tiny-imagenet-200/val/images/val_2045.JPEG,val_2045.JPEG,n04285008,"sports car, sport car"
tiny-imagenet-200/val/images/val_2060.JPEG,val_2060.JPEG,n02123045,"tabby, tabby cat"
tiny-imagenet-200/val/images/val_2068.JPEG,val_2068.JPEG,n03980874,poncho
tiny-imagenet-200/val/images/val_2073.JPEG,val_2073.JPEG,n01641577,"bullfrog, Rana catesbeiana"
tiny-imagenet-200/val/images/val_2085.JPEG,val_2085.JPEG,n02415577,"bighorn, bighorn sheep, cimarron, Rocky Mountain bighorn, Rocky Mountain sheep, Ovis canadensis"
tiny-imagenet-200/val/images/val_2088.JPEG,val_2088.JPEG,n02129165,"lion, king of beasts, Panthera leo"
tiny-imagenet-200/val/images/val_2091.JPEG,val_2091.JPEG,n09332890,"lakeside, lakeshore"
tiny-imagenet-200/val/images/val_2103.JPEG,val_2103.JPEG,n04540053,volleyball
tiny-imagenet-200/val/images/val_2143.JPEG,val_2143.JPEG,n03160309,"dam, dike, dyke"
tiny-imagenet-200/val/images/val_2144.JPEG,val_2144.JPEG,n09246464,"cliff, drop, drop-off"
tiny-imagenet-200/val/images/val_2146.JPEG,val_2146.JPEG,n02132136,"brown bear, bruin, Ursus arctos"
tiny-imagenet-200/val/images/val_2167.JPEG,val_2167.JPEG,n07747607,orange
tiny-imagenet-200/val/images/val_2170.JPEG,val_2170.JPEG,n02123394,Persian cat
tiny-imagenet-200/val/images/val_2184.JPEG,val_2184.JPEG,n02963159,cardigan
tiny-imagenet-200/val/images/val_2200.JPEG,val_2200.JPEG,n02233338,"cockroach, roach"
tiny-imagenet-200/val/images/val_2223.JPEG,val_2223.JPEG,n02917067,"bullet train, bullet"
tiny-imagenet-200/val/images/val_2236.JPEG,val_2236.JPEG,n02085620,Chihuahua
tiny-imagenet-200/val/images/val_2266.JPEG,val_2266.JPEG,n04596742,wok
tiny-imagenet-200/val/images/val_2267.JPEG,val_2267.JPEG,n12267677,acorn
tiny-imagenet-200/val/images/val_2286.JPEG,val_2286.JPEG,n03617480,kimono
tiny-imagenet-200/val/images/val_2287.JPEG,val_2287.JPEG,n07695742,pretzel
tiny-imagenet-200/val/images/val_2296.JPEG,val_2296.JPEG,n02988304,CD player
tiny-imagenet-200/val/images/val_2330.JPEG,val_2330.JPEG,n02364673,"guinea pig, Cavia cobaya"
tiny-imagenet-200/val/images/val_2340.JPEG,val_2340.JPEG,n02113799,standard poodle
tiny-imagenet-200/val/images/val_2361.JPEG,val_2361.JPEG,n01774384,"black widow, Latrodectus mactans"
tiny-imagenet-200/val/images/val_2369.JPEG,val_2369.JPEG,n01944390,snail
tiny-imagenet-200/val/images/val_2414.JPEG,val_2414.JPEG,n02730930,apron
tiny-imagenet-200/val/images/val_2417.JPEG,val_2417.JPEG,n03085013,"computer keyboard, keypad"
tiny-imagenet-200/val/images/val_2426.JPEG,val_2426.JPEG,n03447447,gondola
tiny-imagenet-200/val/images/val_2434.JPEG,val_2434.JPEG,n02410509,bison
tiny-imagenet-200/val/images/val_2441.JPEG,val_2441.JPEG,n04596742,wok
tiny-imagenet-200/val/images/val_2442.JPEG,val_2442.JPEG,n04398044,teapot
tiny-imagenet-200/val/images/val_2444.JPEG,val_2444.JPEG,n03733131,maypole
tiny-imagenet-200/val/images/val_2471.JPEG,val_2471.JPEG,n03837869,obelisk
tiny-imagenet-200/val/images/val_2485.JPEG,val_2485.JPEG,n04487081,"trolleybus, trolley coach, trackless trolley"
tiny-imagenet-200/val/images/val_2492.JPEG,val_2492.JPEG,n02837789,"bikini, two-piece"
tiny-imagenet-200/val/images/val_2496.JPEG,val_2496.JPEG,n07747607,orange
tiny-imagenet-200/val/images/val_2503.JPEG,val_2503.JPEG,n01882714,"koala, koala bear, kangaroo bear, native bear, Phascolarctos cinereus"
tiny-imagenet-200/val/images/val_2504.JPEG,val_2504.JPEG,n04366367,suspension bridge
tiny-imagenet-200/val/images/val_2506.JPEG,val_2506.JPEG,n02837789,"bikini, two-piece"
tiny-imagenet-200/val/images/val_2522.JPEG,val_2522.JPEG,n03837869,obelisk
tiny-imagenet-200/val/images/val_2529.JPEG,val_2529.JPEG,n01770393,scorpion
tiny-imagenet-200/val/images/val_2532.JPEG,val_2532.JPEG,n07749582,lemon
tiny-imagenet-200/val/images/val_2536.JPEG,val_2536.JPEG,n04371430,"swimming trunks, bathing trunks"
tiny-imagenet-200/val/images/val_2546.JPEG,val_2546.JPEG,n03814639,neck brace
tiny-imagenet-200/val/images/val_2547.JPEG,val_2547.JPEG,n02106662,"German shepherd, German shepherd dog, German police dog, alsatian"
tiny-imagenet-200/val/images/val_2564.JPEG,val_2564.JPEG,n03026506,Christmas stocking
tiny-imagenet-200/val/images/val_2573.JPEG,val_2573.JPEG,n01983481,"American lobster, Northern lobster, Maine lobster, Homarus americanus"
tiny-imagenet-200/val/images/val_2579.JPEG,val_2579.JPEG,n03255030,dumbbell
tiny-imagenet-200/val/images/val_2584.JPEG,val_2584.JPEG,n04562935,water tower
tiny-imagenet-200/val/images/val_2591.JPEG,val_2591.JPEG,n01742172,"boa constrictor, Constrictor constrictor"
tiny-imagenet-200/val/images/val_2594.JPEG,val_2594.JPEG,n04507155,umbrella
tiny-imagenet-200/val/images/val_2607.JPEG,val_2607.JPEG,n01910747,jellyfish
tiny-imagenet-200/val/images/val_2608.JPEG,val_2608.JPEG,n01910747,jellyfish
tiny-imagenet-200/val/images/val_2615.JPEG,val_2615.JPEG,n07711569,mashed potato
tiny-imagenet-200/val/images/val_2621.JPEG,val_2621.JPEG,n02927161,"butcher shop, meat market"
tiny-imagenet-200/val/images/val_2634.JPEG,val_2634.JPEG,n02094433,Yorkshire terrier
tiny-imagenet-200/val/images/val_2646.JPEG,val_2646.JPEG,n04486054,triumphal arch
tiny-imagenet-200/val/images/val_2647.JPEG,val_2647.JPEG,n02843684,birdhouse
tiny-imagenet-200/val/images/val_2662.JPEG,val_2662.JPEG,n02321529,"sea cucumber, holothurian"
tiny-imagenet-200/val/images/val_2664.JPEG,val_2664.JPEG,n04501370,turnstile
tiny-imagenet-200/val/images/val_2677.JPEG,val_2677.JPEG,n02699494,altar
tiny-imagenet-200/val/images/val_2683.JPEG,val_2683.JPEG,n02056570,"king penguin, Aptenodytes patagonica"
tiny-imagenet-200/val/images/val_2697.JPEG,val_2697.JPEG,n02892201,"brass, memorial tablet, plaque"
tiny-imagenet-200/val/images/val_2704.JPEG,val_2704.JPEG,n02364673,"guinea pig, Cavia cobaya"
tiny-imagenet-200/val/images/val_2705.JPEG,val_2705.JPEG,n03089624,"confectionery, confectionary, candy store"
tiny-imagenet-200/val/images/val_2718.JPEG,val_2718.JPEG,n03937543,pill bottle
tiny-imagenet-200/val/images/val_2724.JPEG,val_2724.JPEG,n04265275,space heater
tiny-imagenet-200/val/images/val_2749.JPEG,val_2749.JPEG,n02123394,Persian cat
tiny-imagenet-200/val/images/val_2780.JPEG,val_2780.JPEG,n02113799,standard poodle
tiny-imagenet-200/val/images/val_2803.JPEG,val_2803.JPEG,n02190166,fly
tiny-imagenet-200/val/images/val_2847.JPEG,val_2847.JPEG,n02509815,"lesser panda, red panda, panda, bear cat, cat bear, Ailurus fulgens"
tiny-imagenet-200/val/images/val_2851.JPEG,val_2851.JPEG,n07875152,potpie
tiny-imagenet-200/val/images/val_2870.JPEG,val_2870.JPEG,n02423022,gazelle
tiny-imagenet-200/val/images/val_2881.JPEG,val_2881.JPEG,n03424325,"gasmask, respirator, gas helmet"
tiny-imagenet-200/val/images/val_2885.JPEG,val_2885.JPEG,n04456115,torch
tiny-imagenet-200/val/images/val_2900.JPEG,val_2900.JPEG,n02165456,"ladybug, ladybeetle, lady beetle, ladybird, ladybird beetle"
tiny-imagenet-200/val/images/val_2925.JPEG,val_2925.JPEG,n02094433,Yorkshire terrier
tiny-imagenet-200/val/images/val_2927.JPEG,val_2927.JPEG,n02917067,"bullet train, bullet"
tiny-imagenet-200/val/images/val_2938.JPEG,val_2938.JPEG,n04487081,"trolleybus, trolley coach, trackless trolley"
tiny-imagenet-200/val/images/val_2939.JPEG,val_2939.JPEG,n04074963,"remote control, remote"
tiny-imagenet-200/val/images/val_2973.JPEG,val_2973.JPEG,n04179913,sewing machine
tiny-imagenet-200/val/images/val_2977.JPEG,val_2977.JPEG,n01983481,"American lobster, Northern lobster, Maine lobster, Homarus americanus"
tiny-imagenet-200/val/images/val_2979.JPEG,val_2979.JPEG,n04532670,viaduct
tiny-imagenet-200/val/images/val_3006.JPEG,val_3006.JPEG,n07871810,"meat loaf, meatloaf"
tiny-imagenet-200/val/images/val_3020.JPEG,val_3020.JPEG,n02730930,apron
tiny-imagenet-200/val/images/val_3033.JPEG,val_3033.JPEG,n02917067,"bullet train, bullet"
tiny-imagenet-200/val/images/val_3044.JPEG,val_3044.JPEG,n02906734,broom
tiny-imagenet-200/val/images/val_3073.JPEG,val_3073.JPEG,n03250847,drumstick
tiny-imagenet-200/val/images/val_3090.JPEG,val_3090.JPEG,n02814533,"beach wagon, station wagon, wagon, estate car, beach waggon, station waggon, waggon"
tiny-imagenet-200/val/images/val_3111.JPEG,val_3111.JPEG,n02481823,"chimpanzee, chimp, Pan troglodytes"
tiny-imagenet-200/val/images/val_3114.JPEG,val_3114.JPEG,n02094433,Yorkshire terrier
tiny-imagenet-200/val/images/val_3116.JPEG,val_3116.JPEG,n02281406,"sulphur butterfly, sulfur butterfly"
tiny-imagenet-200/val/images/val_3119.JPEG,val_3119.JPEG,n01644900,"tailed frog, bell toad, ribbed toad, tailed toad, Ascaphus trui"
tiny-imagenet-200/val/images/val_3122.JPEG,val_3122.JPEG,n04099969,"rocking chair, rocker"
tiny-imagenet-200/val/images/val_3130.JPEG,val_3130.JPEG,n03160309,"dam, dike, dyke"
tiny-imagenet-200/val/images/val_3138.JPEG,val_3138.JPEG,n04099969,"rocking chair, rocker"
tiny-imagenet-200/val/images/val_3139.JPEG,val_3139.JPEG,n02236044,"mantis, mantid"
tiny-imagenet-200/val/images/val_3143.JPEG,val_3143.JPEG,n01784675,centipede
tiny-imagenet-200/val/images/val_3150.JPEG,val_3150.JPEG,n02837789,"bikini, two-piece"
tiny-imagenet-200/val/images/val_3155.JPEG,val_3155.JPEG,n02843684,birdhouse
tiny-imagenet-200/val/images/val_3164.JPEG,val_3164.JPEG,n02481823,"chimpanzee, chimp, Pan troglodytes"
tiny-imagenet-200/val/images/val_3180.JPEG,val_3180.JPEG,n07583066,guacamole
tiny-imagenet-200/val/images/val_3185.JPEG,val_3185.JPEG,n02056570,"king penguin, Aptenodytes patagonica"
tiny-imagenet-200/val/images/val_3228.JPEG,val_3228.JPEG,n04398044,teapot
tiny-imagenet-200/val/images/val_3241.JPEG,val_3241.JPEG,n04265275,space heater
tiny-imagenet-200/val/images/val_3249.JPEG,val_3249.JPEG,n04275548,"spider web, spider's web"
tiny-imagenet-200/val/images/val_3257.JPEG,val_3257.JPEG,n03930313,"picket fence, paling"
tiny-imagenet-200/val/images/val_3258.JPEG,val_3258.JPEG,n07920052,espresso
tiny-imagenet-200/val/images/val_3262.JPEG,val_3262.JPEG,n02231487,"walking stick, walkingstick, stick insect"
tiny-imagenet-200/val/images/val_3266.JPEG,val_3266.JPEG,n02074367,"dugong, Dugong dugon"
tiny-imagenet-200/val/images/val_3269.JPEG,val_3269.JPEG,n02099601,golden retriever
tiny-imagenet-200/val/images/val_3295.JPEG,val_3295.JPEG,n02814860,"beacon, lighthouse, beacon light, pharos"
tiny-imagenet-200/val/images/val_3335.JPEG,val_3335.JPEG,n04398044,teapot
tiny-imagenet-200/val/images/val_3346.JPEG,val_3346.JPEG,n03854065,"organ, pipe organ"
tiny-imagenet-200/val/images/val_3388.JPEG,val_3388.JPEG,n04070727,"refrigerator, icebox"
tiny-imagenet-200/val/images/val_3404.JPEG,val_3404.JPEG,n03891332,parking meter
tiny-imagenet-200/val/images/val_3432.JPEG,val_3432.JPEG,n03977966,"police van, police wagon, paddy wagon, patrol wagon, wagon, black Maria"
tiny-imagenet-200/val/images/val_3441.JPEG,val_3441.JPEG,n04133789,sandal
tiny-imagenet-200/val/images/val_3443.JPEG,val_3443.JPEG,n02788148,"bannister, banister, balustrade, balusters, handrail"
tiny-imagenet-200/val/images/val_3450.JPEG,val_3450.JPEG,n03662601,lifeboat
tiny-imagenet-200/val/images/val_3456.JPEG,val_3456.JPEG,n03796401,moving van
tiny-imagenet-200/val/images/val_3457.JPEG,val_3457.JPEG,n02058221,"albatross, mollymawk"
tiny-imagenet-200/val/images/val_3467.JPEG,val_3467.JPEG,n02814860,"beacon, lighthouse, beacon light, pharos"
tiny-imagenet-200/val/images/val_3470.JPEG,val_3470.JPEG,n02823428,beer bottle
tiny-imagenet-200/val/images/val_3475.JPEG,val_3475.JPEG,n03670208,"limousine, limo"
tiny-imagenet-200/val/images/val_3483.JPEG,val_3483.JPEG,n02415577,"bighorn, bighorn sheep, cimarron, Rocky Mountain bighorn, Rocky Mountain sheep, Ovis canadensis"
tiny-imagenet-200/val/images/val_3492.JPEG,val_3492.JPEG,n04149813,scoreboard
tiny-imagenet-200/val/images/val_3501.JPEG,val_3501.JPEG,n02231487,"walking stick, walkingstick, stick insect"
tiny-imagenet-200/val/images/val_3502.JPEG,val_3502.JPEG,n03854065,"organ, pipe organ"
tiny-imagenet-200/val/images/val_3505.JPEG,val_3505.JPEG,n03814639,neck brace
tiny-imagenet-200/val/images/val_3510.JPEG,val_3510.JPEG,n07614500,"ice cream, icecream"
tiny-imagenet-200/val/images/val_3527.JPEG,val_3527.JPEG,n02788148,"bannister, banister, balustrade, balusters, handrail"
tiny-imagenet-200/val/images/val_3545.JPEG,val_3545.JPEG,n01443537,"goldfish, Carassius auratus"
tiny-imagenet-200/val/images/val_3566.JPEG,val_3566.JPEG,n03977966,"police van, police wagon, paddy wagon, patrol wagon, wagon, black Maria"
tiny-imagenet-200/val/images/val_3571.JPEG,val_3571.JPEG,n04540053,volleyball
tiny-imagenet-200/val/images/val_3582.JPEG,val_3582.JPEG,n02113799,standard poodle
tiny-imagenet-200/val/images/val_3585.JPEG,val_3585.JPEG,n07579787,plate
tiny-imagenet-200/val/images/val_3593.JPEG,val_3593.JPEG,n02917067,"bullet train, bullet"
tiny-imagenet-200/val/images/val_3595.JPEG,val_3595.JPEG,n01983481,"American lobster, Northern lobster, Maine lobster, Homarus americanus"
tiny-imagenet-200/val/images/val_3598.JPEG,val_3598.JPEG,n12267677,acorn
tiny-imagenet-200/val/images/val_3608.JPEG,val_3608.JPEG,n02909870,"bucket, pail"
tiny-imagenet-200/val/images/val_3611.JPEG,val_3611.JPEG,n04596742,wok
tiny-imagenet-200/val/images/val_3613.JPEG,val_3613.JPEG,n04133789,sandal
tiny-imagenet-200/val/images/val_3630.JPEG,val_3630.JPEG,n03733131,maypole
tiny-imagenet-200/val/images/val_3644.JPEG,val_3644.JPEG,n07715103,cauliflower
tiny-imagenet-200/val/images/val_3652.JPEG,val_3652.JPEG,n07695742,pretzel
tiny-imagenet-200/val/images/val_3657.JPEG,val_3657.JPEG,n03804744,nail
tiny-imagenet-200/val/images/val_3673.JPEG,val_3673.JPEG,n02279972,"monarch, monarch butterfly, milkweed butterfly, Danaus plexippus"
tiny-imagenet-200/val/images/val_3680.JPEG,val_3680.JPEG,n02666196,abacus
tiny-imagenet-200/val/images/val_3681.JPEG,val_3681.JPEG,n04417672,"thatch, thatched roof"
tiny-imagenet-200/val/images/val_3683.JPEG,val_3683.JPEG,n02769748,"backpack, back pack, knapsack, packsack, rucksack, haversack"
tiny-imagenet-200/val/images/val_3697.JPEG,val_3697.JPEG,n02226429,"grasshopper, hopper"
tiny-imagenet-200/val/images/val_3727.JPEG,val_3727.JPEG,n02823428,beer bottle
tiny-imagenet-200/val/images/val_3728.JPEG,val_3728.JPEG,n02106662,"German shepherd, German shepherd dog, German police dog, alsatian"
tiny-imagenet-200/val/images/val_3733.JPEG,val_3733.JPEG,n01629819,"European fire salamander, Salamandra salamandra"
tiny-imagenet-200/val/images/val_3750.JPEG,val_3750.JPEG,n02481823,"chimpanzee, chimp, Pan troglodytes"
tiny-imagenet-200/val/images/val_3752.JPEG,val_3752.JPEG,n03544143,hourglass
tiny-imagenet-200/val/images/val_3770.JPEG,val_3770.JPEG,n01944390,snail
tiny-imagenet-200/val/images/val_3777.JPEG,val_3777.JPEG,n02480495,"orangutan, orang, orangutang, Pongo pygmaeus"
tiny-imagenet-200/val/images/val_3788.JPEG,val_3788.JPEG,n09256479,coral reef
tiny-imagenet-200/val/images/val_3792.JPEG,val_3792.JPEG,n01768244,trilobite
tiny-imagenet-200/val/images/val_3811.JPEG,val_3811.JPEG,n03937543,pill bottle
tiny-imagenet-200/val/images/val_3814.JPEG,val_3814.JPEG,n02190166,fly
tiny-imagenet-200/val/images/val_3824.JPEG,val_3824.JPEG,n04259630,sombrero
tiny-imagenet-200/val/images/val_3826.JPEG,val_3826.JPEG,n03599486,"jinrikisha, ricksha, rickshaw"
tiny-imagenet-200/val/images/val_3841.JPEG,val_3841.JPEG,n02963159,cardigan
tiny-imagenet-200/val/images/val_3846.JPEG,val_3846.JPEG,n02132136,"brown bear, bruin, Ursus arctos"
tiny-imagenet-200/val/images/val_3848.JPEG,val_3848.JPEG,n03599486,"jinrikisha, ricksha, rickshaw"
tiny-imagenet-200/val/images/val_3853.JPEG,val_3853.JPEG,n04133789,sandal
tiny-imagenet-200/val/images/val_3872.JPEG,val_3872.JPEG,n01945685,slug
tiny-imagenet-200/val/images/val_3878.JPEG,val_3878.JPEG,n03649909,"lawn mower, mower"
tiny-imagenet-200/val/images/val_3899.JPEG,val_3899.JPEG,n07734744,mushroom
tiny-imagenet-200/val/images/val_3908.JPEG,val_3908.JPEG,n03160309,"dam, dike, dyke"
tiny-imagenet-200/val/images/val_3910.JPEG,val_3910.JPEG,n03976657,pole
tiny-imagenet-200/val/images/val_3912.JPEG,val_3912.JPEG,n03854065,"organ, pipe organ"
tiny-imagenet-200/val/images/val_3919.JPEG,val_3919.JPEG,n02129165,"lion, king of beasts, Panthera leo"
tiny-imagenet-200/val/images/val_3920.JPEG,val_3920.JPEG,n02977058,"cash machine, cash dispenser, automated teller machine, automatic teller machine, automated teller, automatic teller, ATM"
tiny-imagenet-200/val/images/val_3923.JPEG,val_3923.JPEG,n04501370,turnstile
tiny-imagenet-200/val/images/val_3929.JPEG,val_3929.JPEG,n07711569,mashed potato
tiny-imagenet-200/val/images/val_3937.JPEG,val_3937.JPEG,n02125311,"cougar, puma, catamount, mountain lion, painter, panther, Felis concolor"
tiny-imagenet-200/val/images/val_3946.JPEG,val_3946.JPEG,n04398044,teapot
tiny-imagenet-200/val/images/val_3954.JPEG,val_3954.JPEG,n02281406,"sulphur butterfly, sulfur butterfly"
tiny-imagenet-200/val/images/val_3978.JPEG,val_3978.JPEG,n01641577,"bullfrog, Rana catesbeiana"
tiny-imagenet-200/val/images/val_3981.JPEG,val_3981.JPEG,n02165456,"ladybug, ladybeetle, lady beetle, ladybird, ladybird beetle"
tiny-imagenet-200/val/images/val_3986.JPEG,val_3986.JPEG,n04356056,"sunglasses, dark glasses, shades"
tiny-imagenet-200/val/images/val_3993.JPEG,val_3993.JPEG,n03838899,"oboe, hautboy, hautbois"
tiny-imagenet-200/val/images/val_3995.JPEG,val_3995.JPEG,n02279972,"monarch, monarch butterfly, milkweed butterfly, Danaus plexippus"
tiny-imagenet-200/val/images/val_3997.JPEG,val_3997.JPEG,n01944390,snail
tiny-imagenet-200/val/images/val_4002.JPEG,val_4002.JPEG,n04507155,umbrella
tiny-imagenet-200/val/images/val_4010.JPEG,val_4010.JPEG,n02977058,"cash machine, cash dispenser, automated teller machine, automatic teller machine, automated teller, automatic teller, ATM"
tiny-imagenet-200/val/images/val_4011.JPEG,val_4011.JPEG,n03770439,"miniskirt, mini"
tiny-imagenet-200/val/images/val_4012.JPEG,val_4012.JPEG,n02795169,"barrel, cask"
tiny-imagenet-200/val/images/val_4022.JPEG,val_4022.JPEG,n03977966,"police van, police wagon, paddy wagon, patrol wagon, wagon, black Maria"
tiny-imagenet-200/val/images/val_4033.JPEG,val_4033.JPEG,n01984695,"spiny lobster, langouste, rock lobster, crawfish, crayfish, sea crawfish"
tiny-imagenet-200/val/images/val_4040.JPEG,val_4040.JPEG,n02699494,altar
tiny-imagenet-200/val/images/val_4050.JPEG,val_4050.JPEG,n02791270,barbershop
tiny-imagenet-200/val/images/val_4051.JPEG,val_4051.JPEG,n04251144,snorkel
tiny-imagenet-200/val/images/val_4061.JPEG,val_4061.JPEG,n02129165,"lion, king of beasts, Panthera leo"
tiny-imagenet-200/val/images/val_4065.JPEG,val_4065.JPEG,n09193705,alp
tiny-imagenet-200/val/images/val_4066.JPEG,val_4066.JPEG,n03706229,magnetic compass
tiny-imagenet-200/val/images/val_4073.JPEG,val_4073.JPEG,n01774384,"black widow, Latrodectus mactans"
tiny-imagenet-200/val/images/val_4082.JPEG,val_4082.JPEG,n04023962,"punching bag, punch bag, punching ball, punchball"
tiny-imagenet-200/val/images/val_4088.JPEG,val_4088.JPEG,n02666196,abacus
tiny-imagenet-200/val/images/val_4092.JPEG,val_4092.JPEG,n03424325,"gasmask, respirator, gas helmet"
tiny-imagenet-200/val/images/val_4102.JPEG,val_4102.JPEG,n03404251,fur coat
tiny-imagenet-200/val/images/val_4114.JPEG,val_4114.JPEG,n03126707,crane
tiny-imagenet-200/val/images/val_4118.JPEG,val_4118.JPEG,n07753592,banana
tiny-imagenet-200/val/images/val_4119.JPEG,val_4119.JPEG,n02699494,altar
tiny-imagenet-200/val/images/val_4133.JPEG,val_4133.JPEG,n02699494,altar
tiny-imagenet-200/val/images/val_4135.JPEG,val_4135.JPEG,n01944390,snail
tiny-imagenet-200/val/images/val_4136.JPEG,val_4136.JPEG,n03617480,kimono
tiny-imagenet-200/val/images/val_4173.JPEG,val_4173.JPEG,n02403003,ox
tiny-imagenet-200/val/images/val_4198.JPEG,val_4198.JPEG,n03706229,magnetic compass
tiny-imagenet-200/val/images/val_4232.JPEG,val_4232.JPEG,n02815834,beaker
tiny-imagenet-200/val/images/val_4246.JPEG,val_4246.JPEG,n04465501,tractor
tiny-imagenet-200/val/images/val_4262.JPEG,val_4262.JPEG,n02106662,"German shepherd, German shepherd dog, German police dog, alsatian"
tiny-imagenet-200/val/images/val_4272.JPEG,val_4272.JPEG,n04366367,suspension bridge
tiny-imagenet-200/val/images/val_4279.JPEG,val_4279.JPEG,n02795169,"barrel, cask"
tiny-imagenet-200/val/images/val_4291.JPEG,val_4291.JPEG,n02504458,"African elephant, Loxodonta africana"
tiny-imagenet-200/val/images/val_4304.JPEG,val_4304.JPEG,n03544143,hourglass
tiny-imagenet-200/val/images/val_4315.JPEG,val_4315.JPEG,n03814639,neck brace
tiny-imagenet-200/val/images/val_4325.JPEG,val_4325.JPEG,n07715103,cauliflower
tiny-imagenet-200/val/images/val_4333.JPEG,val_4333.JPEG,n02950826,cannon
tiny-imagenet-200/val/images/val_4334.JPEG,val_4334.JPEG,n02423022,gazelle
tiny-imagenet-200/val/images/val_4335.JPEG,val_4335.JPEG,n02123394,Persian cat
tiny-imagenet-200/val/images/val_4339.JPEG,val_4339.JPEG,n02802426,basketball
tiny-imagenet-200/val/images/val_4342.JPEG,val_4342.JPEG,n02125311,"cougar, puma, catamount, mountain lion, painter, panther, Felis concolor"
tiny-imagenet-200/val/images/val_4345.JPEG,val_4345.JPEG,n04562935,water tower
tiny-imagenet-200/val/images/val_4349.JPEG,val_4349.JPEG,n02268443,"dragonfly, darning needle, devil's darning needle, sewing needle, snake feeder, snake doctor, mosquito hawk, skeeter hawk"
tiny-imagenet-200/val/images/val_4351.JPEG,val_4351.JPEG,n01945685,slug
tiny-imagenet-200/val/images/val_4352.JPEG,val_4352.JPEG,n02099601,golden retriever
tiny-imagenet-200/val/images/val_4371.JPEG,val_4371.JPEG,n04456115,torch
tiny-imagenet-200/val/images/val_4374.JPEG,val_4374.JPEG,n02999410,chain
tiny-imagenet-200/val/images/val_4375.JPEG,val_4375.JPEG,n04251144,snorkel
tiny-imagenet-200/val/images/val_4377.JPEG,val_4377.JPEG,n04023962,"punching bag, punch bag, punching ball, punchball"
tiny-imagenet-200/val/images/val_4386.JPEG,val_4386.JPEG,n03937543,pill bottle
tiny-imagenet-200/val/images/val_4397.JPEG,val_4397.JPEG,n02699494,altar
tiny-imagenet-200/val/images/val_4415.JPEG,val_4415.JPEG,n04133789,sandal
tiny-imagenet-200/val/images/val_4422.JPEG,val_4422.JPEG,n03599486,"jinrikisha, ricksha, rickshaw"
tiny-imagenet-200/val/images/val_4425.JPEG,val_4425.JPEG,n02963159,cardigan
tiny-imagenet-200/val/images/val_4438.JPEG,val_4438.JPEG,n02321529,"sea cucumber, holothurian"
tiny-imagenet-200/val/images/val_4451.JPEG,val_4451.JPEG,n02769748,"backpack, back pack, knapsack, packsack, rucksack, haversack"
tiny-imagenet-200/val/images/val_4460.JPEG,val_4460.JPEG,n06596364,comic book
tiny-imagenet-200/val/images/val_4462.JPEG,val_4462.JPEG,n02403003,ox
tiny-imagenet-200/val/images/val_4471.JPEG,val_4471.JPEG,n03160309,"dam, dike, dyke"
tiny-imagenet-200/val/images/val_4479.JPEG,val_4479.JPEG,n02056570,"king penguin, Aptenodytes patagonica"
tiny-imagenet-200/val/images/val_4494.JPEG,val_4494.JPEG,n02281406,"sulphur butterfly, sulfur butterfly"
tiny-imagenet-200/val/images/val_4499.JPEG,val_4499.JPEG,n02814860,"beacon, lighthouse, beacon light, pharos"
tiny-imagenet-200/val/images/val_4506.JPEG,val_4506.JPEG,n02963159,cardigan
tiny-imagenet-200/val/images/val_4526.JPEG,val_4526.JPEG,n03662601,lifeboat
tiny-imagenet-200/val/images/val_4530.JPEG,val_4530.JPEG,n02927161,"butcher shop, meat market"
tiny-imagenet-200/val/images/val_4533.JPEG,val_4533.JPEG,n06596364,comic book
tiny-imagenet-200/val/images/val_4543.JPEG,val_4543.JPEG,n02666196,abacus
tiny-imagenet-200/val/images/val_4552.JPEG,val_4552.JPEG,n04311004,steel arch bridge
tiny-imagenet-200/val/images/val_4554.JPEG,val_4554.JPEG,n03355925,"flagpole, flagstaff"
tiny-imagenet-200/val/images/val_4557.JPEG,val_4557.JPEG,n04486054,triumphal arch
tiny-imagenet-200/val/images/val_4558.JPEG,val_4558.JPEG,n01443537,"goldfish, Carassius auratus"
tiny-imagenet-200/val/images/val_4562.JPEG,val_4562.JPEG,n07614500,"ice cream, icecream"
tiny-imagenet-200/val/images/val_4563.JPEG,val_4563.JPEG,n03255030,dumbbell
tiny-imagenet-200/val/images/val_4564.JPEG,val_4564.JPEG,n03796401,moving van
tiny-imagenet-200/val/images/val_4569.JPEG,val_4569.JPEG,n02791270,barbershop
tiny-imagenet-200/val/images/val_4573.JPEG,val_4573.JPEG,n02963159,cardigan
tiny-imagenet-200/val/images/val_4581.JPEG,val_4581.JPEG,n03796401,moving van
tiny-imagenet-200/val/images/val_4616.JPEG,val_4616.JPEG,n03662601,lifeboat
tiny-imagenet-200/val/images/val_4632.JPEG,val_4632.JPEG,n03424325,"gasmask, respirator, gas helmet"
tiny-imagenet-200/val/images/val_4634.JPEG,val_4634.JPEG,n02233338,"cockroach, roach"
tiny-imagenet-200/val/images/val_4636.JPEG,val_4636.JPEG,n02814533,"beach wagon, station wagon, wagon, estate car, beach waggon, station waggon, waggon"
tiny-imagenet-200/val/images/val_4649.JPEG,val_4649.JPEG,n04597913,wooden spoon
tiny-imagenet-200/val/images/val_4658.JPEG,val_4658.JPEG,n03706229,magnetic compass
tiny-imagenet-200/val/images/val_4669.JPEG,val_4669.JPEG,n01698640,"American alligator, Alligator mississipiensis"
tiny-imagenet-200/val/images/val_4673.JPEG,val_4673.JPEG,n09428293,"seashore, coast, seacoast, sea-coast"
tiny-imagenet-200/val/images/val_4681.JPEG,val_4681.JPEG,n07695742,pretzel
tiny-imagenet-200/val/images/val_4700.JPEG,val_4700.JPEG,n04501370,turnstile
tiny-imagenet-200/val/images/val_4719.JPEG,val_4719.JPEG,n01698640,"American alligator, Alligator mississipiensis"
tiny-imagenet-200/val/images/val_4720.JPEG,val_4720.JPEG,n03902125,"pay-phone, pay-station"
tiny-imagenet-200/val/images/val_4722.JPEG,val_4722.JPEG,n04146614,school bus
tiny-imagenet-200/val/images/val_4728.JPEG,val_4728.JPEG,n04371430,"swimming trunks, bathing trunks"
tiny-imagenet-200/val/images/val_4741.JPEG,val_4741.JPEG,n04311004,steel arch bridge
tiny-imagenet-200/val/images/val_4771.JPEG,val_4771.JPEG,n07579787,plate
tiny-imagenet-200/val/images/val_4781.JPEG,val_4781.JPEG,n04501370,turnstile
tiny-imagenet-200/val/images/val_4786.JPEG,val_4786.JPEG,n01774750,tarantula
tiny-imagenet-200/val/images/val_4803.JPEG,val_4803.JPEG,n02281406,"sulphur butterfly, sulfur butterfly"
tiny-imagenet-200/val/images/val_4808.JPEG,val_4808.JPEG,n02236044,"mantis, mantid"
tiny-imagenet-200/val/images/val_4820.JPEG,val_4820.JPEG,n02124075,Egyptian cat
tiny-imagenet-200/val/images/val_4844.JPEG,val_4844.JPEG,n07615774,"ice lolly, lolly, lollipop, popsicle"
tiny-imagenet-200/val/images/val_4853.JPEG,val_4853.JPEG,n04597913,wooden spoon
tiny-imagenet-200/val/images/val_4861.JPEG,val_4861.JPEG,n01629819,"European fire salamander, Salamandra salamandra"
tiny-imagenet-200/val/images/val_4871.JPEG,val_4871.JPEG,n01698640,"American alligator, Alligator mississipiensis"
tiny-imagenet-200/val/images/val_4889.JPEG,val_4889.JPEG,n04507155,umbrella
tiny-imagenet-200/val/images/val_4891.JPEG,val_4891.JPEG,n04532106,vestment
tiny-imagenet-200/val/images/val_4892.JPEG,val_4892.JPEG,n02948072,"candle, taper, wax light"
tiny-imagenet-200/val/images/val_4905.JPEG,val_4905.JPEG,n02132136,"brown bear, bruin, Ursus arctos"
tiny-imagenet-200/val/images/val_4915.JPEG,val_4915.JPEG,n03796401,moving van
tiny-imagenet-200/val/images/val_4920.JPEG,val_4920.JPEG,n07875152,potpie
tiny-imagenet-200/val/images/val_4930.JPEG,val_4930.JPEG,n01644900,"tailed frog, bell toad, ribbed toad, tailed toad, Ascaphus trui"
tiny-imagenet-200/val/images/val_4941.JPEG,val_4941.JPEG,n07579787,plate
tiny-imagenet-200/val/images/val_4952.JPEG,val_4952.JPEG,n04596742,wok
tiny-imagenet-200/val/images/val_4956.JPEG,val_4956.JPEG,n01983481,"American lobster, Northern lobster, Maine lobster, Homarus americanus"
tiny-imagenet-200/val/images/val_4978.JPEG,val_4978.JPEG,n02927161,"butcher shop, meat market"
tiny-imagenet-200/val/images/val_4982.JPEG,val_4982.JPEG,n03444034,go-kart
tiny-imagenet-200/val/images/val_5000.JPEG,val_5000.JPEG,n02074367,"dugong, Dugong dugon"
tiny-imagenet-200/val/images/val_5003.JPEG,val_5003.JPEG,n02236044,"mantis, mantid"
tiny-imagenet-200/val/images/val_5016.JPEG,val_5016.JPEG,n01917289,brain coral
tiny-imagenet-200/val/images/val_5023.JPEG,val_5023.JPEG,n03804744,nail
tiny-imagenet-200/val/images/val_5038.JPEG,val_5038.JPEG,n03796401,moving van
tiny-imagenet-200/val/images/val_5039.JPEG,val_5039.JPEG,n07695742,pretzel
tiny-imagenet-200/val/images/val_5050.JPEG,val_5050.JPEG,n02321529,"sea cucumber, holothurian"
tiny-imagenet-200/val/images/val_5067.JPEG,val_5067.JPEG,n07720875,bell pepper
tiny-imagenet-200/val/images/val_5085.JPEG,val_5085.JPEG,n01443537,"goldfish, Carassius auratus"
tiny-imagenet-200/val/images/val_5091.JPEG,val_5091.JPEG,n04366367,suspension bridge
tiny-imagenet-200/val/images/val_5096.JPEG,val_5096.JPEG,n03255030,dumbbell
tiny-imagenet-200/val/images/val_5107.JPEG,val_5107.JPEG,n04399382,"teddy, teddy bear"
tiny-imagenet-200/val/images/val_5111.JPEG,val_5111.JPEG,n03976657,pole
tiny-imagenet-200/val/images/val_5138.JPEG,val_5138.JPEG,n02666196,abacus
tiny-imagenet-200/val/images/val_5139.JPEG,val_5139.JPEG,n01774384,"black widow, Latrodectus mactans"
tiny-imagenet-200/val/images/val_5143.JPEG,val_5143.JPEG,n01984695,"spiny lobster, langouste, rock lobster, crawfish, crayfish, sea crawfish"
tiny-imagenet-200/val/images/val_5147.JPEG,val_5147.JPEG,n03970156,"plunger, plumber's helper"
tiny-imagenet-200/val/images/val_5153.JPEG,val_5153.JPEG,n03424325,"gasmask, respirator, gas helmet"
tiny-imagenet-200/val/images/val_5155.JPEG,val_5155.JPEG,n04074963,"remote control, remote"
tiny-imagenet-200/val/images/val_5168.JPEG,val_5168.JPEG,n01855672,goose
tiny-imagenet-200/val/images/val_5169.JPEG,val_5169.JPEG,n02906734,broom
tiny-imagenet-200/val/images/val_5180.JPEG,val_5180.JPEG,n01950731,"sea slug, nudibranch"
tiny-imagenet-200/val/images/val_5183.JPEG,val_5183.JPEG,n01945685,slug
tiny-imagenet-200/val/images/val_5188.JPEG,val_5188.JPEG,n07711569,mashed potato
tiny-imagenet-200/val/images/val_5198.JPEG,val_5198.JPEG,n09332890,"lakeside, lakeshore"
tiny-imagenet-200/val/images/val_5213.JPEG,val_5213.JPEG,n01855672,goose
tiny-imagenet-200/val/images/val_5238.JPEG,val_5238.JPEG,n02808440,"bathtub, bathing tub, bath, tub"
tiny-imagenet-200/val/images/val_5260.JPEG,val_5260.JPEG,n02002724,"black stork, Ciconia nigra"
tiny-imagenet-200/val/images/val_5272.JPEG,val_5272.JPEG,n01855672,goose
tiny-imagenet-200/val/images/val_5279.JPEG,val_5279.JPEG,n02281406,"sulphur butterfly, sulfur butterfly"
tiny-imagenet-200/val/images/val_5280.JPEG,val_5280.JPEG,n02106662,"German shepherd, German shepherd dog, German police dog, alsatian"
tiny-imagenet-200/val/images/val_5296.JPEG,val_5296.JPEG,n02977058,"cash machine, cash dispenser, automated teller machine, automatic teller machine, automated teller, automatic teller, ATM"
tiny-imagenet-200/val/images/val_5310.JPEG,val_5310.JPEG,n03042490,cliff dwelling
tiny-imagenet-200/val/images/val_5313.JPEG,val_5313.JPEG,n03400231,"frying pan, frypan, skillet"
tiny-imagenet-200/val/images/val_5325.JPEG,val_5325.JPEG,n04251144,snorkel
tiny-imagenet-200/val/images/val_5344.JPEG,val_5344.JPEG,n03970156,"plunger, plumber's helper"
tiny-imagenet-200/val/images/val_5355.JPEG,val_5355.JPEG,n04008634,"projectile, missile"
tiny-imagenet-200/val/images/val_5363.JPEG,val_5363.JPEG,n02917067,"bullet train, bullet"
tiny-imagenet-200/val/images/val_5378.JPEG,val_5378.JPEG,n04456115,torch
tiny-imagenet-200/val/images/val_5383.JPEG,val_5383.JPEG,n02364673,"guinea pig, Cavia cobaya"
tiny-imagenet-200/val/images/val_5403.JPEG,val_5403.JPEG,n03544143,hourglass
tiny-imagenet-200/val/images/val_5409.JPEG,val_5409.JPEG,n02415577,"bighorn, bighorn sheep, cimarron, Rocky Mountain bighorn, Rocky Mountain sheep, Ovis canadensis"
tiny-imagenet-200/val/images/val_5413.JPEG,val_5413.JPEG,n04399382,"teddy, teddy bear"
tiny-imagenet-200/val/images/val_5419.JPEG,val_5419.JPEG,n04259630,sombrero
tiny-imagenet-200/val/images/val_5421.JPEG,val_5421.JPEG,n02486410,baboon
tiny-imagenet-200/val/images/val_5425.JPEG,val_5425.JPEG,n07920052,espresso
tiny-imagenet-200/val/images/val_5439.JPEG,val_5439.JPEG,n02268443,"dragonfly, darning needle, devil's darning needle, sewing needle, snake feeder, snake doctor, mosquito hawk, skeeter hawk"
tiny-imagenet-200/val/images/val_5442.JPEG,val_5442.JPEG,n03255030,dumbbell
tiny-imagenet-200/val/images/val_5446.JPEG,val_5446.JPEG,n09256479,coral reef
tiny-imagenet-200/val/images/val_5460.JPEG,val_5460.JPEG,n03404251,fur coat
tiny-imagenet-200/val/images/val_5464.JPEG,val_5464.JPEG,n02132136,"brown bear, bruin, Ursus arctos"
tiny-imagenet-200/val/images/val_5491.JPEG,val_5491.JPEG,n02504458,"African elephant, Loxodonta africana"
tiny-imagenet-200/val/images/val_5502.JPEG,val_5502.JPEG,n03617480,kimono
tiny-imagenet-200/val/images/val_5507.JPEG,val_5507.JPEG,n03100240,convertible
tiny-imagenet-200/val/images/val_5511.JPEG,val_5511.JPEG,n03255030,dumbbell
tiny-imagenet-200/val/images/val_5514.JPEG,val_5514.JPEG,n04067472,reel
tiny-imagenet-200/val/images/val_5529.JPEG,val_5529.JPEG,n03649909,"lawn mower, mower"
tiny-imagenet-200/val/images/val_5539.JPEG,val_5539.JPEG,n01742172,"boa constrictor, Constrictor constrictor"
tiny-imagenet-200/val/images/val_5546.JPEG,val_5546.JPEG,n01944390,snail
tiny-imagenet-200/val/images/val_5559.JPEG,val_5559.JPEG,n02883205,"bow tie, bow-tie, bowtie"
tiny-imagenet-200/val/images/val_5568.JPEG,val_5568.JPEG,n03854065,"organ, pipe organ"
tiny-imagenet-200/val/images/val_5573.JPEG,val_5573.JPEG,n04596742,wok
tiny-imagenet-200/val/images/val_5574.JPEG,val_5574.JPEG,n03662601,lifeboat
tiny-imagenet-200/val/images/val_5576.JPEG,val_5576.JPEG,n03637318,"lampshade, lamp shade"
tiny-imagenet-200/val/images/val_5582.JPEG,val_5582.JPEG,n02437312,"Arabian camel, dromedary, Camelus dromedarius"
tiny-imagenet-200/val/images/val_5590.JPEG,val_5590.JPEG,n07920052,espresso
tiny-imagenet-200/val/images/val_5617.JPEG,val_5617.JPEG,n02909870,"bucket, pail"
tiny-imagenet-200/val/images/val_5632.JPEG,val_5632.JPEG,n04532106,vestment
tiny-imagenet-200/val/images/val_5635.JPEG,val_5635.JPEG,n02988304,CD player
tiny-imagenet-200/val/images/val_5654.JPEG,val_5654.JPEG,n04251144,snorkel
tiny-imagenet-200/val/images/val_5663.JPEG,val_5663.JPEG,n01784675,centipede
tiny-imagenet-200/val/images/val_5688.JPEG,val_5688.JPEG,n03424325,"gasmask, respirator, gas helmet"
tiny-imagenet-200/val/images/val_5700.JPEG,val_5700.JPEG,n07614500,"ice cream, icecream"
tiny-imagenet-200/val/images/val_5718.JPEG,val_5718.JPEG,n07753592,banana
tiny-imagenet-200/val/images/val_5728.JPEG,val_5728.JPEG,n01641577,"bullfrog, Rana catesbeiana"
tiny-imagenet-200/val/images/val_5733.JPEG,val_5733.JPEG,n03179701,desk
tiny-imagenet-200/val/images/val_5753.JPEG,val_5753.JPEG,n04562935,water tower
tiny-imagenet-200/val/images/val_5763.JPEG,val_5763.JPEG,n02058221,"albatross, mollymawk"
tiny-imagenet-200/val/images/val_5764.JPEG,val_5764.JPEG,n03837869,obelisk
tiny-imagenet-200/val/images/val_5794.JPEG,val_5794.JPEG,n04597913,wooden spoon
tiny-imagenet-200/val/images/val_5804.JPEG,val_5804.JPEG,n02666196,abacus
tiny-imagenet-200/val/images/val_5813.JPEG,val_5813.JPEG,n04532106,vestment
tiny-imagenet-200/val/images/val_5820.JPEG,val_5820.JPEG,n03100240,convertible
tiny-imagenet-200/val/images/val_5862.JPEG,val_5862.JPEG,n02769748,"backpack, back pack, knapsack, packsack, rucksack, haversack"
tiny-imagenet-200/val/images/val_5881.JPEG,val_5881.JPEG,n04149813,scoreboard
tiny-imagenet-200/val/images/val_5912.JPEG,val_5912.JPEG,n02480495,"orangutan, orang, orangutang, Pongo pygmaeus"
tiny-imagenet-200/val/images/val_5925.JPEG,val_5925.JPEG,n03983396,"pop bottle, soda bottle"
tiny-imagenet-200/val/images/val_5927.JPEG,val_5927.JPEG,n04328186,"stopwatch, stop watch"
tiny-imagenet-200/val/images/val_5930.JPEG,val_5930.JPEG,n03902125,"pay-phone, pay-station"
tiny-imagenet-200/val/images/val_5934.JPEG,val_5934.JPEG,n07768694,pomegranate
tiny-imagenet-200/val/images/val_5947.JPEG,val_5947.JPEG,n02415577,"bighorn, bighorn sheep, cimarron, Rocky Mountain bighorn, Rocky Mountain sheep, Ovis canadensis"
tiny-imagenet-200/val/images/val_5967.JPEG,val_5967.JPEG,n01443537,"goldfish, Carassius auratus"
tiny-imagenet-200/val/images/val_5974.JPEG,val_5974.JPEG,n02268443,"dragonfly, darning needle, devil's darning needle, sewing needle, snake feeder, snake doctor, mosquito hawk, skeeter hawk"
tiny-imagenet-200/val/images/val_5977.JPEG,val_5977.JPEG,n03977966,"police van, police wagon, paddy wagon, patrol wagon, wagon, black Maria"
tiny-imagenet-200/val/images/val_6043.JPEG,val_6043.JPEG,n04251144,snorkel
tiny-imagenet-200/val/images/val_6046.JPEG,val_6046.JPEG,n02481823,"chimpanzee, chimp, Pan troglodytes"
tiny-imagenet-200/val/images/val_6049.JPEG,val_6049.JPEG,n02948072,"candle, taper, wax light"
tiny-imagenet-200/val/images/val_6054.JPEG,val_6054.JPEG,n03447447,gondola
tiny-imagenet-200/val/images/val_6065.JPEG,val_6065.JPEG,n01443537,"goldfish, Carassius auratus"
tiny-imagenet-200/val/images/val_6071.JPEG,val_6071.JPEG,n04146614,school bus
tiny-imagenet-200/val/images/val_6118.JPEG,val_6118.JPEG,n03400231,"frying pan, frypan, skillet"
tiny-imagenet-200/val/images/val_6126.JPEG,val_6126.JPEG,n12267677,acorn
tiny-imagenet-200/val/images/val_6149.JPEG,val_6149.JPEG,n09332890,"lakeside, lakeshore"
tiny-imagenet-200/val/images/val_6180.JPEG,val_6180.JPEG,n02950826,cannon
tiny-imagenet-200/val/images/val_6201.JPEG,val_6201.JPEG,n02909870,"bucket, pail"
tiny-imagenet-200/val/images/val_6209.JPEG,val_6209.JPEG,n04099969,"rocking chair, rocker"
tiny-imagenet-200/val/images/val_6211.JPEG,val_6211.JPEG,n03706229,magnetic compass
tiny-imagenet-200/val/images/val_6216.JPEG,val_6216.JPEG,n04099969,"rocking chair, rocker"
tiny-imagenet-200/val/images/val_6224.JPEG,val_6224.JPEG,n04259630,sombrero
tiny-imagenet-200/val/images/val_6226.JPEG,val_6226.JPEG,n01768244,trilobite
tiny-imagenet-200/val/images/val_6227.JPEG,val_6227.JPEG,n02056570,"king penguin, Aptenodytes patagonica"
tiny-imagenet-200/val/images/val_6232.JPEG,val_6232.JPEG,n07614500,"ice cream, icecream"
tiny-imagenet-200/val/images/val_6246.JPEG,val_6246.JPEG,n03980874,poncho
tiny-imagenet-200/val/images/val_6252.JPEG,val_6252.JPEG,n02233338,"cockroach, roach"
tiny-imagenet-200/val/images/val_6267.JPEG,val_6267.JPEG,n02099712,Labrador retriever
tiny-imagenet-200/val/images/val_6274.JPEG,val_6274.JPEG,n02410509,bison
tiny-imagenet-200/val/images/val_6275.JPEG,val_6275.JPEG,n04487081,"trolleybus, trolley coach, trackless trolley"
tiny-imagenet-200/val/images/val_6284.JPEG,val_6284.JPEG,n04311004,steel arch bridge
tiny-imagenet-200/val/images/val_6291.JPEG,val_6291.JPEG,n07747607,orange
tiny-imagenet-200/val/images/val_6304.JPEG,val_6304.JPEG,n04285008,"sports car, sport car"
tiny-imagenet-200/val/images/val_6311.JPEG,val_6311.JPEG,n03179701,desk
tiny-imagenet-200/val/images/val_6325.JPEG,val_6325.JPEG,n07715103,cauliflower
tiny-imagenet-200/val/images/val_6371.JPEG,val_6371.JPEG,n02410509,bison
tiny-imagenet-200/val/images/val_6381.JPEG,val_6381.JPEG,n02963159,cardigan
tiny-imagenet-200/val/images/val_6389.JPEG,val_6389.JPEG,n02795169,"barrel, cask"
tiny-imagenet-200/val/images/val_6396.JPEG,val_6396.JPEG,n02999410,chain
tiny-imagenet-200/val/images/val_6455.JPEG,val_6455.JPEG,n02823428,beer bottle
tiny-imagenet-200/val/images/val_6482.JPEG,val_6482.JPEG,n02481823,"chimpanzee, chimp, Pan troglodytes"
tiny-imagenet-200/val/images/val_6484.JPEG,val_6484.JPEG,n04074963,"remote control, remote"
tiny-imagenet-200/val/images/val_6498.JPEG,val_6498.JPEG,n04328186,"stopwatch, stop watch"
tiny-imagenet-200/val/images/val_6512.JPEG,val_6512.JPEG,n03355925,"flagpole, flagstaff"
tiny-imagenet-200/val/images/val_6528.JPEG,val_6528.JPEG,n01945685,slug
tiny-imagenet-200/val/images/val_6537.JPEG,val_6537.JPEG,n02364673,"guinea pig, Cavia cobaya"
tiny-imagenet-200/val/images/val_6543.JPEG,val_6543.JPEG,n02321529,"sea cucumber, holothurian"
tiny-imagenet-200/val/images/val_6547.JPEG,val_6547.JPEG,n03770439,"miniskirt, mini"
tiny-imagenet-200/val/images/val_6548.JPEG,val_6548.JPEG,n04070727,"refrigerator, icebox"
tiny-imagenet-200/val/images/val_6561.JPEG,val_6561.JPEG,n01910747,jellyfish
tiny-imagenet-200/val/images/val_6565.JPEG,val_6565.JPEG,n02206856,bee
tiny-imagenet-200/val/images/val_6570.JPEG,val_6570.JPEG,n04417672,"thatch, thatched roof"
tiny-imagenet-200/val/images/val_6572.JPEG,val_6572.JPEG,n02802426,basketball
tiny-imagenet-200/val/images/val_6592.JPEG,val_6592.JPEG,n01882714,"koala, koala bear, kangaroo bear, native bear, Phascolarctos cinereus"
tiny-imagenet-200/val/images/val_6594.JPEG,val_6594.JPEG,n04251144,snorkel
tiny-imagenet-200/val/images/val_6596.JPEG,val_6596.JPEG,n03255030,dumbbell
tiny-imagenet-200/val/images/val_6615.JPEG,val_6615.JPEG,n01983481,"American lobster, Northern lobster, Maine lobster, Homarus americanus"
tiny-imagenet-200/val/images/val_6622.JPEG,val_6622.JPEG,n03763968,military uniform
tiny-imagenet-200/val/images/val_6624.JPEG,val_6624.JPEG,n02231487,"walking stick, walkingstick, stick insect"
tiny-imagenet-200/val/images/val_6625.JPEG,val_6625.JPEG,n04265275,space heater
tiny-imagenet-200/val/images/val_6653.JPEG,val_6653.JPEG,n04265275,space heater
tiny-imagenet-200/val/images/val_6658.JPEG,val_6658.JPEG,n07753592,banana
tiny-imagenet-200/val/images/val_6669.JPEG,val_6669.JPEG,n06596364,comic book
tiny-imagenet-200/val/images/val_6678.JPEG,val_6678.JPEG,n02410509,bison
tiny-imagenet-200/val/images/val_6684.JPEG,val_6684.JPEG,n03706229,magnetic compass
tiny-imagenet-200/val/images/val_6690.JPEG,val_6690.JPEG,n04465501,tractor
tiny-imagenet-200/val/images/val_6691.JPEG,val_6691.JPEG,n07734744,mushroom
tiny-imagenet-200/val/images/val_6693.JPEG,val_6693.JPEG,n02841315,"binoculars, field glasses, opera glasses"
tiny-imagenet-200/val/images/val_6717.JPEG,val_6717.JPEG,n01629819,"European fire salamander, Salamandra salamandra"
tiny-imagenet-200/val/images/val_6730.JPEG,val_6730.JPEG,n02129165,"lion, king of beasts, Panthera leo"
tiny-imagenet-200/val/images/val_6735.JPEG,val_6735.JPEG,n01698640,"American alligator, Alligator mississipiensis"
tiny-imagenet-200/val/images/val_6744.JPEG,val_6744.JPEG,n02793495,barn
tiny-imagenet-200/val/images/val_6745.JPEG,val_6745.JPEG,n01950731,"sea slug, nudibranch"
tiny-imagenet-200/val/images/val_6755.JPEG,val_6755.JPEG,n02977058,"cash machine, cash dispenser, automated teller machine, automatic teller machine, automated teller, automatic teller, ATM"
tiny-imagenet-200/val/images/val_6770.JPEG,val_6770.JPEG,n02129165,"lion, king of beasts, Panthera leo"
tiny-imagenet-200/val/images/val_6790.JPEG,val_6790.JPEG,n02132136,"brown bear, bruin, Ursus arctos"
tiny-imagenet-200/val/images/val_6797.JPEG,val_6797.JPEG,n04399382,"teddy, teddy bear"
tiny-imagenet-200/val/images/val_6798.JPEG,val_6798.JPEG,n02268443,"dragonfly, darning needle, devil's darning needle, sewing needle, snake feeder, snake doctor, mosquito hawk, skeeter hawk"
tiny-imagenet-200/val/images/val_6807.JPEG,val_6807.JPEG,n02226429,"grasshopper, hopper"
tiny-imagenet-200/val/images/val_6812.JPEG,val_6812.JPEG,n03089624,"confectionery, confectionary, candy store"
tiny-imagenet-200/val/images/val_6818.JPEG,val_6818.JPEG,n04465501,tractor
tiny-imagenet-200/val/images/val_6865.JPEG,val_6865.JPEG,n07920052,espresso
tiny-imagenet-200/val/images/val_6868.JPEG,val_6868.JPEG,n04371430,"swimming trunks, bathing trunks"
tiny-imagenet-200/val/images/val_6873.JPEG,val_6873.JPEG,n02963159,cardigan
tiny-imagenet-200/val/images/val_6882.JPEG,val_6882.JPEG,n03796401,moving van
tiny-imagenet-200/val/images/val_6883.JPEG,val_6883.JPEG,n04376876,syringe
tiny-imagenet-200/val/images/val_6888.JPEG,val_6888.JPEG,n04259630,sombrero
tiny-imagenet-200/val/images/val_6906.JPEG,val_6906.JPEG,n02927161,"butcher shop, meat market"
tiny-imagenet-200/val/images/val_6912.JPEG,val_6912.JPEG,n03814639,neck brace
tiny-imagenet-200/val/images/val_6916.JPEG,val_6916.JPEG,n04251144,snorkel
tiny-imagenet-200/val/images/val_6924.JPEG,val_6924.JPEG,n02423022,gazelle
tiny-imagenet-200/val/images/val_6930.JPEG,val_6930.JPEG,n01774750,tarantula
tiny-imagenet-200/val/images/val_6932.JPEG,val_6932.JPEG,n07749582,lemon
tiny-imagenet-200/val/images/val_6939.JPEG,val_6939.JPEG,n03662601,lifeboat
tiny-imagenet-200/val/images/val_6965.JPEG,val_6965.JPEG,n03388043,fountain
tiny-imagenet-200/val/images/val_6971.JPEG,val_6971.JPEG,n01774750,tarantula
tiny-imagenet-200/val/images/val_6991.JPEG,val_6991.JPEG,n02883205,"bow tie, bow-tie, bowtie"
tiny-imagenet-200/val/images/val_7007.JPEG,val_7007.JPEG,n04099969,"rocking chair, rocker"
tiny-imagenet-200/val/images/val_7018.JPEG,val_7018.JPEG,n03763968,military uniform
tiny-imagenet-200/val/images/val_7019.JPEG,val_7019.JPEG,n02666196,abacus
tiny-imagenet-200/val/images/val_7022.JPEG,val_7022.JPEG,n04371430,"swimming trunks, bathing trunks"
tiny-imagenet-200/val/images/val_7025.JPEG,val_7025.JPEG,n07747607,orange
tiny-imagenet-200/val/images/val_7041.JPEG,val_7041.JPEG,n04540053,volleyball
tiny-imagenet-200/val/images/val_7043.JPEG,val_7043.JPEG,n03444034,go-kart
tiny-imagenet-200/val/images/val_7062.JPEG,val_7062.JPEG,n04008634,"projectile, missile"
tiny-imagenet-200/val/images/val_7066.JPEG,val_7066.JPEG,n03544143,hourglass
tiny-imagenet-200/val/images/val_7078.JPEG,val_7078.JPEG,n03400231,"frying pan, frypan, skillet"
tiny-imagenet-200/val/images/val_7102.JPEG,val_7102.JPEG,n01945685,slug
tiny-imagenet-200/val/images/val_7119.JPEG,val_7119.JPEG,n02788148,"bannister, banister, balustrade, balusters, handrail"
tiny-imagenet-200/val/images/val_7123.JPEG,val_7123.JPEG,n02977058,"cash machine, cash dispenser, automated teller machine, automatic teller machine, automated teller, automatic teller, ATM"
tiny-imagenet-200/val/images/val_7135.JPEG,val_7135.JPEG,n07615774,"ice lolly, lolly, lollipop, popsicle"
tiny-imagenet-200/val/images/val_7136.JPEG,val_7136.JPEG,n07871810,"meat loaf, meatloaf"
tiny-imagenet-200/val/images/val_7140.JPEG,val_7140.JPEG,n02226429,"grasshopper, hopper"
tiny-imagenet-200/val/images/val_7141.JPEG,val_7141.JPEG,n04251144,snorkel
tiny-imagenet-200/val/images/val_7144.JPEG,val_7144.JPEG,n02123394,Persian cat
tiny-imagenet-200/val/images/val_7149.JPEG,val_7149.JPEG,n02814860,"beacon, lighthouse, beacon light, pharos"
tiny-imagenet-200/val/images/val_7172.JPEG,val_7172.JPEG,n07615774,"ice lolly, lolly, lollipop, popsicle"
tiny-imagenet-200/val/images/val_7177.JPEG,val_7177.JPEG,n04070727,"refrigerator, icebox"
tiny-imagenet-200/val/images/val_7178.JPEG,val_7178.JPEG,n07747607,orange
tiny-imagenet-200/val/images/val_7179.JPEG,val_7179.JPEG,n04597913,wooden spoon
tiny-imagenet-200/val/images/val_7195.JPEG,val_7195.JPEG,n03983396,"pop bottle, soda bottle"
tiny-imagenet-200/val/images/val_7206.JPEG,val_7206.JPEG,n07579787,plate
tiny-imagenet-200/val/images/val_7213.JPEG,val_7213.JPEG,n04285008,"sports car, sport car"
tiny-imagenet-200/val/images/val_7216.JPEG,val_7216.JPEG,n02058221,"albatross, mollymawk"
tiny-imagenet-200/val/images/val_7238.JPEG,val_7238.JPEG,n02504458,"African elephant, Loxodonta africana"
tiny-imagenet-200/val/images/val_7239.JPEG,val_7239.JPEG,n02099712,Labrador retriever
tiny-imagenet-200/val/images/val_7242.JPEG,val_7242.JPEG,n02795169,"barrel, cask"
tiny-imagenet-200/val/images/val_7244.JPEG,val_7244.JPEG,n07734744,mushroom
tiny-imagenet-200/val/images/val_7245.JPEG,val_7245.JPEG,n03670208,"limousine, limo"
tiny-imagenet-200/val/images/val_7251.JPEG,val_7251.JPEG,n03970156,"plunger, plumber's helper"
tiny-imagenet-200/val/images/val_7253.JPEG,val_7253.JPEG,n03400231,"frying pan, frypan, skillet"
tiny-imagenet-200/val/images/val_7260.JPEG,val_7260.JPEG,n02364673,"guinea pig, Cavia cobaya"
tiny-imagenet-200/val/images/val_7305.JPEG,val_7305.JPEG,n04532670,viaduct
tiny-imagenet-200/val/images/val_7316.JPEG,val_7316.JPEG,n03042490,cliff dwelling
tiny-imagenet-200/val/images/val_7342.JPEG,val_7342.JPEG,n03388043,fountain
tiny-imagenet-200/val/images/val_7350.JPEG,val_7350.JPEG,n04275548,"spider web, spider's web"
tiny-imagenet-200/val/images/val_7359.JPEG,val_7359.JPEG,n02165456,"ladybug, ladybeetle, lady beetle, ladybird, ladybird beetle"
tiny-imagenet-200/val/images/val_7373.JPEG,val_7373.JPEG,n03100240,convertible
tiny-imagenet-200/val/images/val_7381.JPEG,val_7381.JPEG,n02236044,"mantis, mantid"
tiny-imagenet-200/val/images/val_7385.JPEG,val_7385.JPEG,n07753592,banana
tiny-imagenet-200/val/images/val_7397.JPEG,val_7397.JPEG,n04099969,"rocking chair, rocker"
tiny-imagenet-200/val/images/val_7428.JPEG,val_7428.JPEG,n04596742,wok
tiny-imagenet-200/val/images/val_7433.JPEG,val_7433.JPEG,n01770393,scorpion
tiny-imagenet-200/val/images/val_7434.JPEG,val_7434.JPEG,n01774384,"black widow, Latrodectus mactans"
tiny-imagenet-200/val/images/val_7438.JPEG,val_7438.JPEG,n02509815,"lesser panda, red panda, panda, bear cat, cat bear, Ailurus fulgens"
tiny-imagenet-200/val/images/val_7449.JPEG,val_7449.JPEG,n07711569,mashed potato
tiny-imagenet-200/val/images/val_7451.JPEG,val_7451.JPEG,n07695742,pretzel
tiny-imagenet-200/val/images/val_7454.JPEG,val_7454.JPEG,n02509815,"lesser panda, red panda, panda, bear cat, cat bear, Ailurus fulgens"
tiny-imagenet-200/val/images/val_7460.JPEG,val_7460.JPEG,n04074963,"remote control, remote"
tiny-imagenet-200/val/images/val_7461.JPEG,val_7461.JPEG,n02085620,Chihuahua
tiny-imagenet-200/val/images/val_7478.JPEG,val_7478.JPEG,n04532670,viaduct
tiny-imagenet-200/val/images/val_7483.JPEG,val_7483.JPEG,n02883205,"bow tie, bow-tie, bowtie"
tiny-imagenet-200/val/images/val_7486.JPEG,val_7486.JPEG,n04251144,snorkel
tiny-imagenet-200/val/images/val_7491.JPEG,val_7491.JPEG,n02190166,fly
tiny-imagenet-200/val/images/val_7508.JPEG,val_7508.JPEG,n04008634,"projectile, missile"
tiny-imagenet-200/val/images/val_7517.JPEG,val_7517.JPEG,n02791270,barbershop
tiny-imagenet-200/val/images/val_7527.JPEG,val_7527.JPEG,n02841315,"binoculars, field glasses, opera glasses"
tiny-imagenet-200/val/images/val_7532.JPEG,val_7532.JPEG,n02165456,"ladybug, ladybeetle, lady beetle, ladybird, ladybird beetle"
tiny-imagenet-200/val/images/val_7541.JPEG,val_7541.JPEG,n01774384,"black widow, Latrodectus mactans"
tiny-imagenet-200/val/images/val_7560.JPEG,val_7560.JPEG,n07920052,espresso
tiny-imagenet-200/val/images/val_7564.JPEG,val_7564.JPEG,n07871810,"meat loaf, meatloaf"
tiny-imagenet-200/val/images/val_7569.JPEG,val_7569.JPEG,n04251144,snorkel
tiny-imagenet-200/val/images/val_7573.JPEG,val_7573.JPEG,n02085620,Chihuahua
tiny-imagenet-200/val/images/val_7579.JPEG,val_7579.JPEG,n04133789,sandal
tiny-imagenet-200/val/images/val_7611.JPEG,val_7611.JPEG,n03796401,moving van
tiny-imagenet-200/val/images/val_7612.JPEG,val_7612.JPEG,n04275548,"spider web, spider's web"
tiny-imagenet-200/val/images/val_7613.JPEG,val_7613.JPEG,n03854065,"organ, pipe organ"
tiny-imagenet-200/val/images/val_7616.JPEG,val_7616.JPEG,n04597913,wooden spoon
tiny-imagenet-200/val/images/val_7618.JPEG,val_7618.JPEG,n03160309,"dam, dike, dyke"
tiny-imagenet-200/val/images/val_7619.JPEG,val_7619.JPEG,n02099712,Labrador retriever
tiny-imagenet-200/val/images/val_7633.JPEG,val_7633.JPEG,n02226429,"grasshopper, hopper"
tiny-imagenet-200/val/images/val_7651.JPEG,val_7651.JPEG,n07579787,plate
tiny-imagenet-200/val/images/val_7657.JPEG,val_7657.JPEG,n04074963,"remote control, remote"
tiny-imagenet-200/val/images/val_7668.JPEG,val_7668.JPEG,n07715103,cauliflower
tiny-imagenet-200/val/images/val_7679.JPEG,val_7679.JPEG,n01984695,"spiny lobster, langouste, rock lobster, crawfish, crayfish, sea crawfish"
tiny-imagenet-200/val/images/val_7690.JPEG,val_7690.JPEG,n04328186,"stopwatch, stop watch"
tiny-imagenet-200/val/images/val_7692.JPEG,val_7692.JPEG,n01774750,tarantula
tiny-imagenet-200/val/images/val_7699.JPEG,val_7699.JPEG,n03992509,potter's wheel
tiny-imagenet-200/val/images/val_7700.JPEG,val_7700.JPEG,n02666196,abacus
tiny-imagenet-200/val/images/val_7705.JPEG,val_7705.JPEG,n07871810,"meat loaf, meatloaf"
tiny-imagenet-200/val/images/val_7708.JPEG,val_7708.JPEG,n06596364,comic book
tiny-imagenet-200/val/images/val_7711.JPEG,val_7711.JPEG,n03085013,"computer keyboard, keypad"
tiny-imagenet-200/val/images/val_7736.JPEG,val_7736.JPEG,n03854065,"organ, pipe organ"
tiny-imagenet-200/val/images/val_7744.JPEG,val_7744.JPEG,n09332890,"lakeside, lakeshore"
tiny-imagenet-200/val/images/val_7749.JPEG,val_7749.JPEG,n03796401,moving van
tiny-imagenet-200/val/images/val_7752.JPEG,val_7752.JPEG,n04146614,school bus
tiny-imagenet-200/val/images/val_7753.JPEG,val_7753.JPEG,n01774750,tarantula
tiny-imagenet-200/val/images/val_7758.JPEG,val_7758.JPEG,n02106662,"German shepherd, German shepherd dog, German police dog, alsatian"
tiny-imagenet-200/val/images/val_7777.JPEG,val_7777.JPEG,n02963159,cardigan
tiny-imagenet-200/val/images/val_7784.JPEG,val_7784.JPEG,n07614500,"ice cream, icecream"
tiny-imagenet-200/val/images/val_7787.JPEG,val_7787.JPEG,n03976657,pole
tiny-imagenet-200/val/images/val_7800.JPEG,val_7800.JPEG,n02403003,ox
tiny-imagenet-200/val/images/val_7811.JPEG,val_7811.JPEG,n02129165,"lion, king of beasts, Panthera leo"
tiny-imagenet-200/val/images/val_7814.JPEG,val_7814.JPEG,n03980874,poncho
tiny-imagenet-200/val/images/val_7827.JPEG,val_7827.JPEG,n02074367,"dugong, Dugong dugon"
tiny-imagenet-200/val/images/val_7843.JPEG,val_7843.JPEG,n02268443,"dragonfly, darning needle, devil's darning needle, sewing needle, snake feeder, snake doctor, mosquito hawk, skeeter hawk"
tiny-imagenet-200/val/images/val_7886.JPEG,val_7886.JPEG,n07720875,bell pepper
tiny-imagenet-200/val/images/val_7905.JPEG,val_7905.JPEG,n03838899,"oboe, hautboy, hautbois"
tiny-imagenet-200/val/images/val_7921.JPEG,val_7921.JPEG,n02281406,"sulphur butterfly, sulfur butterfly"
tiny-imagenet-200/val/images/val_7933.JPEG,val_7933.JPEG,n03388043,fountain
tiny-imagenet-200/val/images/val_7935.JPEG,val_7935.JPEG,n04417672,"thatch, thatched roof"
tiny-imagenet-200/val/images/val_7939.JPEG,val_7939.JPEG,n02963159,cardigan
tiny-imagenet-200/val/images/val_7941.JPEG,val_7941.JPEG,n03763968,military uniform
tiny-imagenet-200/val/images/val_7953.JPEG,val_7953.JPEG,n01629819,"European fire salamander, Salamandra salamandra"
tiny-imagenet-200/val/images/val_7956.JPEG,val_7956.JPEG,n04465501,tractor
tiny-imagenet-200/val/images/val_7962.JPEG,val_7962.JPEG,n09428293,"seashore, coast, seacoast, sea-coast"
tiny-imagenet-200/val/images/val_7973.JPEG,val_7973.JPEG,n03447447,gondola
tiny-imagenet-200/val/images/val_7988.JPEG,val_7988.JPEG,n03649909,"lawn mower, mower"
tiny-imagenet-200/val/images/val_7994.JPEG,val_7994.JPEG,n02823428,beer bottle
tiny-imagenet-200/val/images/val_7999.JPEG,val_7999.JPEG,n04417672,"thatch, thatched roof"
tiny-imagenet-200/val/images/val_8004.JPEG,val_8004.JPEG,n01698640,"American alligator, Alligator mississipiensis"
tiny-imagenet-200/val/images/val_8005.JPEG,val_8005.JPEG,n02226429,"grasshopper, hopper"
tiny-imagenet-200/val/images/val_8022.JPEG,val_8022.JPEG,n03854065,"organ, pipe organ"
tiny-imagenet-200/val/images/val_8031.JPEG,val_8031.JPEG,n02814533,"beach wagon, station wagon, wagon, estate car, beach waggon, station waggon, waggon"
tiny-imagenet-200/val/images/val_8041.JPEG,val_8041.JPEG,n02509815,"lesser panda, red panda, panda, bear cat, cat bear, Ailurus fulgens"
tiny-imagenet-200/val/images/val_8042.JPEG,val_8042.JPEG,n02948072,"candle, taper, wax light"
tiny-imagenet-200/val/images/val_8056.JPEG,val_8056.JPEG,n03100240,convertible
tiny-imagenet-200/val/images/val_8085.JPEG,val_8085.JPEG,n03770439,"miniskirt, mini"
tiny-imagenet-200/val/images/val_8090.JPEG,val_8090.JPEG,n07753592,banana
tiny-imagenet-200/val/images/val_8098.JPEG,val_8098.JPEG,n02730930,apron
tiny-imagenet-200/val/images/val_8099.JPEG,val_8099.JPEG,n02666196,abacus
tiny-imagenet-200/val/images/val_8115.JPEG,val_8115.JPEG,n02730930,apron
tiny-imagenet-200/val/images/val_8117.JPEG,val_8117.JPEG,n03930313,"picket fence, paling"
tiny-imagenet-200/val/images/val_8165.JPEG,val_8165.JPEG,n03854065,"organ, pipe organ"
tiny-imagenet-200/val/images/val_8167.JPEG,val_8167.JPEG,n02481823,"chimpanzee, chimp, Pan troglodytes"
tiny-imagenet-200/val/images/val_8179.JPEG,val_8179.JPEG,n03404251,fur coat
tiny-imagenet-200/val/images/val_8199.JPEG,val_8199.JPEG,n04118538,rugby ball
tiny-imagenet-200/val/images/val_8201.JPEG,val_8201.JPEG,n07871810,"meat loaf, meatloaf"
tiny-imagenet-200/val/images/val_8229.JPEG,val_8229.JPEG,n02666196,abacus
tiny-imagenet-200/val/images/val_8238.JPEG,val_8238.JPEG,n03980874,poncho
tiny-imagenet-200/val/images/val_8270.JPEG,val_8270.JPEG,n03763968,military uniform
tiny-imagenet-200/val/images/val_8279.JPEG,val_8279.JPEG,n07753592,banana
tiny-imagenet-200/val/images/val_8280.JPEG,val_8280.JPEG,n04501370,turnstile
tiny-imagenet-200/val/images/val_8288.JPEG,val_8288.JPEG,n07720875,bell pepper
tiny-imagenet-200/val/images/val_8289.JPEG,val_8289.JPEG,n02129165,"lion, king of beasts, Panthera leo"
tiny-imagenet-200/val/images/val_8308.JPEG,val_8308.JPEG,n03544143,hourglass
tiny-imagenet-200/val/images/val_8317.JPEG,val_8317.JPEG,n03393912,freight car
tiny-imagenet-200/val/images/val_8318.JPEG,val_8318.JPEG,n03160309,"dam, dike, dyke"
tiny-imagenet-200/val/images/val_8320.JPEG,val_8320.JPEG,n07768694,pomegranate
tiny-imagenet-200/val/images/val_8327.JPEG,val_8327.JPEG,n02364673,"guinea pig, Cavia cobaya"
tiny-imagenet-200/val/images/val_8337.JPEG,val_8337.JPEG,n06596364,comic book
tiny-imagenet-200/val/images/val_8346.JPEG,val_8346.JPEG,n07695742,pretzel
tiny-imagenet-200/val/images/val_8348.JPEG,val_8348.JPEG,n07749582,lemon
tiny-imagenet-200/val/images/val_8375.JPEG,val_8375.JPEG,n04259630,sombrero
tiny-imagenet-200/val/images/val_8379.JPEG,val_8379.JPEG,n01945685,slug
tiny-imagenet-200/val/images/val_8423.JPEG,val_8423.JPEG,n03733131,maypole
tiny-imagenet-200/val/images/val_8431.JPEG,val_8431.JPEG,n02132136,"brown bear, bruin, Ursus arctos"
tiny-imagenet-200/val/images/val_8445.JPEG,val_8445.JPEG,n01984695,"spiny lobster, langouste, rock lobster, crawfish, crayfish, sea crawfish"
tiny-imagenet-200/val/images/val_8464.JPEG,val_8464.JPEG,n02268443,"dragonfly, darning needle, devil's darning needle, sewing needle, snake feeder, snake doctor, mosquito hawk, skeeter hawk"
tiny-imagenet-200/val/images/val_8479.JPEG,val_8479.JPEG,n01770393,scorpion
tiny-imagenet-200/val/images/val_8486.JPEG,val_8486.JPEG,n03617480,kimono
tiny-imagenet-200/val/images/val_8494.JPEG,val_8494.JPEG,n03662601,lifeboat
tiny-imagenet-200/val/images/val_8502.JPEG,val_8502.JPEG,n03255030,dumbbell
tiny-imagenet-200/val/images/val_8518.JPEG,val_8518.JPEG,n02403003,ox
tiny-imagenet-200/val/images/val_8540.JPEG,val_8540.JPEG,n01742172,"boa constrictor, Constrictor constrictor"
tiny-imagenet-200/val/images/val_8548.JPEG,val_8548.JPEG,n02099601,golden retriever
tiny-imagenet-200/val/images/val_8561.JPEG,val_8561.JPEG,n09193705,alp
tiny-imagenet-200/val/images/val_8565.JPEG,val_8565.JPEG,n01855672,goose
tiny-imagenet-200/val/images/val_8595.JPEG,val_8595.JPEG,n02395406,"hog, pig, grunter, squealer, Sus scrofa"
tiny-imagenet-200/val/images/val_8617.JPEG,val_8617.JPEG,n01944390,snail
tiny-imagenet-200/val/images/val_8645.JPEG,val_8645.JPEG,n03404251,fur coat
tiny-imagenet-200/val/images/val_8666.JPEG,val_8666.JPEG,n02002724,"black stork, Ciconia nigra"
tiny-imagenet-200/val/images/val_8669.JPEG,val_8669.JPEG,n03649909,"lawn mower, mower"
tiny-imagenet-200/val/images/val_8689.JPEG,val_8689.JPEG,n01774750,tarantula
tiny-imagenet-200/val/images/val_8698.JPEG,val_8698.JPEG,n02231487,"walking stick, walkingstick, stick insect"
tiny-imagenet-200/val/images/val_8701.JPEG,val_8701.JPEG,n03706229,magnetic compass
tiny-imagenet-200/val/images/val_8702.JPEG,val_8702.JPEG,n03424325,"gasmask, respirator, gas helmet"
tiny-imagenet-200/val/images/val_8727.JPEG,val_8727.JPEG,n02999410,chain
tiny-imagenet-200/val/images/val_8728.JPEG,val_8728.JPEG,n02123394,Persian cat
tiny-imagenet-200/val/images/val_8742.JPEG,val_8742.JPEG,n02843684,birdhouse
tiny-imagenet-200/val/images/val_8751.JPEG,val_8751.JPEG,n07695742,pretzel
tiny-imagenet-200/val/images/val_8779.JPEG,val_8779.JPEG,n03250847,drumstick
tiny-imagenet-200/val/images/val_8785.JPEG,val_8785.JPEG,n04311004,steel arch bridge
tiny-imagenet-200/val/images/val_8786.JPEG,val_8786.JPEG,n04275548,"spider web, spider's web"
tiny-imagenet-200/val/images/val_8797.JPEG,val_8797.JPEG,n02226429,"grasshopper, hopper"
tiny-imagenet-200/val/images/val_8808.JPEG,val_8808.JPEG,n02281406,"sulphur butterfly, sulfur butterfly"
tiny-imagenet-200/val/images/val_8817.JPEG,val_8817.JPEG,n02480495,"orangutan, orang, orangutang, Pongo pygmaeus"
tiny-imagenet-200/val/images/val_8818.JPEG,val_8818.JPEG,n09428293,"seashore, coast, seacoast, sea-coast"
tiny-imagenet-200/val/images/val_8821.JPEG,val_8821.JPEG,n04417672,"thatch, thatched roof"
tiny-imagenet-200/val/images/val_8824.JPEG,val_8824.JPEG,n07615774,"ice lolly, lolly, lollipop, popsicle"
tiny-imagenet-200/val/images/val_8830.JPEG,val_8830.JPEG,n02988304,CD player
tiny-imagenet-200/val/images/val_8834.JPEG,val_8834.JPEG,n02892201,"brass, memorial tablet, plaque"
tiny-imagenet-200/val/images/val_8835.JPEG,val_8835.JPEG,n02769748,"backpack, back pack, knapsack, packsack, rucksack, haversack"
tiny-imagenet-200/val/images/val_8837.JPEG,val_8837.JPEG,n03838899,"oboe, hautboy, hautbois"
tiny-imagenet-200/val/images/val_8847.JPEG,val_8847.JPEG,n01784675,centipede
tiny-imagenet-200/val/images/val_8849.JPEG,val_8849.JPEG,n02486410,baboon
tiny-imagenet-200/val/images/val_8856.JPEG,val_8856.JPEG,n07711569,mashed potato
tiny-imagenet-200/val/images/val_8864.JPEG,val_8864.JPEG,n03770439,"miniskirt, mini"
tiny-imagenet-200/val/images/val_8883.JPEG,val_8883.JPEG,n02125311,"cougar, puma, catamount, mountain lion, painter, panther, Felis concolor"
tiny-imagenet-200/val/images/val_8889.JPEG,val_8889.JPEG,n03447447,gondola
tiny-imagenet-200/val/images/val_8890.JPEG,val_8890.JPEG,n02802426,basketball
tiny-imagenet-200/val/images/val_8900.JPEG,val_8900.JPEG,n02841315,"binoculars, field glasses, opera glasses"
tiny-imagenet-200/val/images/val_8903.JPEG,val_8903.JPEG,n02815834,beaker
tiny-imagenet-200/val/images/val_8922.JPEG,val_8922.JPEG,n01774384,"black widow, Latrodectus mactans"
tiny-imagenet-200/val/images/val_8928.JPEG,val_8928.JPEG,n03126707,crane
tiny-imagenet-200/val/images/val_8935.JPEG,val_8935.JPEG,n04311004,steel arch bridge
tiny-imagenet-200/val/images/val_8938.JPEG,val_8938.JPEG,n02802426,basketball
tiny-imagenet-200/val/images/val_8947.JPEG,val_8947.JPEG,n03042490,cliff dwelling
tiny-imagenet-200/val/images/val_8976.JPEG,val_8976.JPEG,n02395406,"hog, pig, grunter, squealer, Sus scrofa"
tiny-imagenet-200/val/images/val_8977.JPEG,val_8977.JPEG,n02509815,"lesser panda, red panda, panda, bear cat, cat bear, Ailurus fulgens"
tiny-imagenet-200/val/images/val_8998.JPEG,val_8998.JPEG,n02403003,ox
tiny-imagenet-200/val/images/val_9007.JPEG,val_9007.JPEG,n02113799,standard poodle
tiny-imagenet-200/val/images/val_9012.JPEG,val_9012.JPEG,n02769748,"backpack, back pack, knapsack, packsack, rucksack, haversack"
tiny-imagenet-200/val/images/val_9016.JPEG,val_9016.JPEG,n02423022,gazelle
tiny-imagenet-200/val/images/val_9017.JPEG,val_9017.JPEG,n02791270,barbershop
tiny-imagenet-200/val/images/val_9024.JPEG,val_9024.JPEG,n07695742,pretzel
tiny-imagenet-200/val/images/val_9031.JPEG,val_9031.JPEG,n07753592,banana
tiny-imagenet-200/val/images/val_9038.JPEG,val_9038.JPEG,n04133789,sandal
tiny-imagenet-200/val/images/val_9042.JPEG,val_9042.JPEG,n07583066,guacamole
tiny-imagenet-200/val/images/val_9043.JPEG,val_9043.JPEG,n09256479,coral reef
tiny-imagenet-200/val/images/val_9044.JPEG,val_9044.JPEG,n04133789,sandal
tiny-imagenet-200/val/images/val_9048.JPEG,val_9048.JPEG,n03617480,kimono
tiny-imagenet-200/val/images/val_9052.JPEG,val_9052.JPEG,n02808440,"bathtub, bathing tub, bath, tub"
tiny-imagenet-200/val/images/val_9064.JPEG,val_9064.JPEG,n03444034,go-kart
tiny-imagenet-200/val/images/val_9066.JPEG,val_9066.JPEG,n04149813,scoreboard
tiny-imagenet-200/val/images/val_9068.JPEG,val_9068.JPEG,n02236044,"mantis, mantid"
tiny-imagenet-200/val/images/val_9075.JPEG,val_9075.JPEG,n02795169,"barrel, cask"
tiny-imagenet-200/val/images/val_9083.JPEG,val_9083.JPEG,n02058221,"albatross, mollymawk"
tiny-imagenet-200/val/images/val_9086.JPEG,val_9086.JPEG,n04254777,sock
tiny-imagenet-200/val/images/val_9096.JPEG,val_9096.JPEG,n03854065,"organ, pipe organ"
tiny-imagenet-200/val/images/val_9105.JPEG,val_9105.JPEG,n02099712,Labrador retriever
tiny-imagenet-200/val/images/val_9106.JPEG,val_9106.JPEG,n02423022,gazelle
tiny-imagenet-200/val/images/val_9125.JPEG,val_9125.JPEG,n03977966,"police van, police wagon, paddy wagon, patrol wagon, wagon, black Maria"
tiny-imagenet-200/val/images/val_9132.JPEG,val_9132.JPEG,n04560804,water jug
tiny-imagenet-200/val/images/val_9143.JPEG,val_9143.JPEG,n03393912,freight car
tiny-imagenet-200/val/images/val_9157.JPEG,val_9157.JPEG,n02415577,"bighorn, bighorn sheep, cimarron, Rocky Mountain bighorn, Rocky Mountain sheep, Ovis canadensis"
tiny-imagenet-200/val/images/val_9173.JPEG,val_9173.JPEG,n02883205,"bow tie, bow-tie, bowtie"
tiny-imagenet-200/val/images/val_9189.JPEG,val_9189.JPEG,n02231487,"walking stick, walkingstick, stick insect"
tiny-imagenet-200/val/images/val_9195.JPEG,val_9195.JPEG,n04074963,"remote control, remote"
tiny-imagenet-200/val/images/val_9197.JPEG,val_9197.JPEG,n03026506,Christmas stocking
tiny-imagenet-200/val/images/val_9221.JPEG,val_9221.JPEG,n04456115,torch
tiny-imagenet-200/val/images/val_9224.JPEG,val_9224.JPEG,n02321529,"sea cucumber, holothurian"
tiny-imagenet-200/val/images/val_9240.JPEG,val_9240.JPEG,n02481823,"chimpanzee, chimp, Pan troglodytes"
tiny-imagenet-200/val/images/val_9246.JPEG,val_9246.JPEG,n04275548,"spider web, spider's web"
tiny-imagenet-200/val/images/val_9260.JPEG,val_9260.JPEG,n02190166,fly
tiny-imagenet-200/val/images/val_9272.JPEG,val_9272.JPEG,n04501370,turnstile
tiny-imagenet-200/val/images/val_9292.JPEG,val_9292.JPEG,n02795169,"barrel, cask"
tiny-imagenet-200/val/images/val_9295.JPEG,val_9295.JPEG,n02123394,Persian cat
tiny-imagenet-200/val/images/val_9316.JPEG,val_9316.JPEG,n02123045,"tabby, tabby cat"
tiny-imagenet-200/val/images/val_9324.JPEG,val_9324.JPEG,n09246464,"cliff, drop, drop-off"
tiny-imagenet-200/val/images/val_9325.JPEG,val_9325.JPEG,n02730930,apron
tiny-imagenet-200/val/images/val_9333.JPEG,val_9333.JPEG,n02206856,bee
tiny-imagenet-200/val/images/val_9336.JPEG,val_9336.JPEG,n02321529,"sea cucumber, holothurian"
tiny-imagenet-200/val/images/val_9355.JPEG,val_9355.JPEG,n03599486,"jinrikisha, ricksha, rickshaw"
tiny-imagenet-200/val/images/val_9368.JPEG,val_9368.JPEG,n07734744,mushroom
tiny-imagenet-200/val/images/val_9405.JPEG,val_9405.JPEG,n02769748,"backpack, back pack, knapsack, packsack, rucksack, haversack"
tiny-imagenet-200/val/images/val_9424.JPEG,val_9424.JPEG,n03400231,"frying pan, frypan, skillet"
tiny-imagenet-200/val/images/val_9431.JPEG,val_9431.JPEG,n04465501,tractor
tiny-imagenet-200/val/images/val_9432.JPEG,val_9432.JPEG,n02206856,bee
tiny-imagenet-200/val/images/val_9433.JPEG,val_9433.JPEG,n02927161,"butcher shop, meat market"
tiny-imagenet-200/val/images/val_9440.JPEG,val_9440.JPEG,n02094433,Yorkshire terrier
tiny-imagenet-200/val/images/val_9441.JPEG,val_9441.JPEG,n04074963,"remote control, remote"
tiny-imagenet-200/val/images/val_9446.JPEG,val_9446.JPEG,n12267677,acorn
tiny-imagenet-200/val/images/val_9453.JPEG,val_9453.JPEG,n03763968,military uniform
tiny-imagenet-200/val/images/val_9459.JPEG,val_9459.JPEG,n03837869,obelisk
tiny-imagenet-200/val/images/val_9481.JPEG,val_9481.JPEG,n04067472,reel
tiny-imagenet-200/val/images/val_9485.JPEG,val_9485.JPEG,n02791270,barbershop
tiny-imagenet-200/val/images/val_9489.JPEG,val_9489.JPEG,n02206856,bee
tiny-imagenet-200/val/images/val_9501.JPEG,val_9501.JPEG,n06596364,comic book
tiny-imagenet-200/val/images/val_9502.JPEG,val_9502.JPEG,n03637318,"lampshade, lamp shade"
tiny-imagenet-200/val/images/val_9512.JPEG,val_9512.JPEG,n01644900,"tailed frog, bell toad, ribbed toad, tailed toad, Ascaphus trui"
tiny-imagenet-200/val/images/val_9528.JPEG,val_9528.JPEG,n04562935,water tower
tiny-imagenet-200/val/images/val_9543.JPEG,val_9543.JPEG,n02321529,"sea cucumber, holothurian"
tiny-imagenet-200/val/images/val_9560.JPEG,val_9560.JPEG,n01443537,"goldfish, Carassius auratus"
tiny-imagenet-200/val/images/val_9562.JPEG,val_9562.JPEG,n03706229,magnetic compass
tiny-imagenet-200/val/images/val_9569.JPEG,val_9569.JPEG,n02002724,"black stork, Ciconia nigra"
tiny-imagenet-200/val/images/val_9571.JPEG,val_9571.JPEG,n02837789,"bikini, two-piece"
tiny-imagenet-200/val/images/val_9577.JPEG,val_9577.JPEG,n07753592,banana
tiny-imagenet-200/val/images/val_9590.JPEG,val_9590.JPEG,n03400231,"frying pan, frypan, skillet"
tiny-imagenet-200/val/images/val_9616.JPEG,val_9616.JPEG,n01950731,"sea slug, nudibranch"
tiny-imagenet-200/val/images/val_9619.JPEG,val_9619.JPEG,n03891332,parking meter
tiny-imagenet-200/val/images/val_9638.JPEG,val_9638.JPEG,n03444034,go-kart
tiny-imagenet-200/val/images/val_9641.JPEG,val_9641.JPEG,n03393912,freight car
tiny-imagenet-200/val/images/val_9642.JPEG,val_9642.JPEG,n01983481,"American lobster, Northern lobster, Maine lobster, Homarus americanus"
tiny-imagenet-200/val/images/val_9654.JPEG,val_9654.JPEG,n03388043,fountain
tiny-imagenet-200/val/images/val_9659.JPEG,val_9659.JPEG,n04507155,umbrella
tiny-imagenet-200/val/images/val_9663.JPEG,val_9663.JPEG,n03662601,lifeboat
tiny-imagenet-200/val/images/val_9669.JPEG,val_9669.JPEG,n02129165,"lion, king of beasts, Panthera leo"
tiny-imagenet-200/val/images/val_9674.JPEG,val_9674.JPEG,n04366367,suspension bridge
tiny-imagenet-200/val/images/val_9697.JPEG,val_9697.JPEG,n03796401,moving van
tiny-imagenet-200/val/images/val_9700.JPEG,val_9700.JPEG,n04540053,volleyball
tiny-imagenet-200/val/images/val_9707.JPEG,val_9707.JPEG,n09256479,coral reef
tiny-imagenet-200/val/images/val_9729.JPEG,val_9729.JPEG,n04398044,teapot
tiny-imagenet-200/val/images/val_9740.JPEG,val_9740.JPEG,n09428293,"seashore, coast, seacoast, sea-coast"
tiny-imagenet-200/val/images/val_9749.JPEG,val_9749.JPEG,n02099712,Labrador retriever
tiny-imagenet-200/val/images/val_9755.JPEG,val_9755.JPEG,n04133789,sandal
tiny-imagenet-200/val/images/val_9763.JPEG,val_9763.JPEG,n01983481,"American lobster, Northern lobster, Maine lobster, Homarus americanus"
tiny-imagenet-200/val/images/val_9766.JPEG,val_9766.JPEG,n02281406,"sulphur butterfly, sulfur butterfly"
tiny-imagenet-200/val/images/val_9767.JPEG,val_9767.JPEG,n04328186,"stopwatch, stop watch"
tiny-imagenet-200/val/images/val_9771.JPEG,val_9771.JPEG,n04417672,"thatch, thatched roof"
tiny-imagenet-200/val/images/val_9774.JPEG,val_9774.JPEG,n03837869,obelisk
tiny-imagenet-200/val/images/val_9777.JPEG,val_9777.JPEG,n04285008,"sports car, sport car"
tiny-imagenet-200/val/images/val_9798.JPEG,val_9798.JPEG,n02231487,"walking stick, walkingstick, stick insect"
tiny-imagenet-200/val/images/val_9813.JPEG,val_9813.JPEG,n03584254,iPod
tiny-imagenet-200/val/images/val_9820.JPEG,val_9820.JPEG,n03617480,kimono
tiny-imagenet-200/val/images/val_9837.JPEG,val_9837.JPEG,n03637318,"lampshade, lamp shade"
tiny-imagenet-200/val/images/val_9863.JPEG,val_9863.JPEG,n03544143,hourglass
tiny-imagenet-200/val/images/val_9883.JPEG,val_9883.JPEG,n02788148,"bannister, banister, balustrade, balusters, handrail"
tiny-imagenet-200/val/images/val_9891.JPEG,val_9891.JPEG,n01984695,"spiny lobster, langouste, rock lobster, crawfish, crayfish, sea crawfish"
tiny-imagenet-200/val/images/val_9909.JPEG,val_9909.JPEG,n03976657,pole
tiny-imagenet-200/val/images/val_9926.JPEG,val_9926.JPEG,n03891332,parking meter
tiny-imagenet-200/val/images/val_9932.JPEG,val_9932.JPEG,n03100240,convertible
tiny-imagenet-200/val/images/val_9933.JPEG,val_9933.JPEG,n03763968,military uniform
tiny-imagenet-200/val/images/val_9938.JPEG,val_9938.JPEG,n01784675,centipede
tiny-imagenet-200/val/images/val_9939.JPEG,val_9939.JPEG,n03444034,go-kart
tiny-imagenet-200/val/images/val_9949.JPEG,val_9949.JPEG,n01443537,"goldfish, Carassius auratus"
tiny-imagenet-200/val/images/val_9975.JPEG,val_9975.JPEG,n02190166,fly
tiny-imagenet-200/val/images/val_9977.JPEG,val_9977.JPEG,n03100240,convertible
tiny-imagenet-200/val/images/val_9980.JPEG,val_9980.JPEG,n01641577,"bullfrog, Rana catesbeiana"
tiny-imagenet-200/val/images/val_9988.JPEG,val_9988.JPEG,n04146614,school bus
tiny-imagenet-200/val/images/val_9999.JPEG,val_9999.JPEG,n02699494,altar
